dataset,depth_mean,count
DDAD,3.357,1
DDAD,3.450,1
DDAD,3.479,1
DDAD,3.620,1
DDAD,3.631,1
DDAD,3.780,1
DDAD,4.180,1
DDAD,4.345,1
DDAD,4.477,1
DDAD,4.483,1
DDAD,4.577,1
DDAD,4.610,1
DDAD,4.808,1
DDAD,4.999,1
DDAD,5.466,1
DDAD,5.650,1
DDAD,5.686,1
DDAD,5.757,1
DDAD,5.780,1
DDAD,5.904,1
DDAD,6.104,1
DDAD,6.271,1
DDAD,6.648,1
DDAD,6.772,1
DDAD,7.118,1
DDAD,7.313,1
DDAD,7.345,1
DDAD,7.410,1
DDAD,7.414,1
DDAD,7.415,1
DDAD,7.435,1
DDAD,7.440,1
DDAD,7.480,1
DDAD,7.553,1
DDAD,7.565,1
DDAD,7.580,1
DDAD,7.624,1
DDAD,7.689,1
DDAD,7.729,1
DDAD,7.836,1
DDAD,7.849,1
DDAD,7.853,1
DDAD,7.870,1
DDAD,7.957,1
DDAD,8.090,1
DDAD,8.114,1
DDAD,8.137,1
DDAD,8.189,1
DDAD,8.203,1
DDAD,8.349,1
DDAD,8.351,1
DDAD,8.363,1
DDAD,8.374,1
DDAD,8.383,1
DDAD,8.558,1
DDAD,8.600,1
DDAD,8.626,1
DDAD,8.725,1
DDAD,8.793,1
DDAD,8.831,1
DDAD,8.891,1
DDAD,8.928,1
DDAD,8.954,1
DDAD,9.013,1
DDAD,9.058,1
DDAD,9.061,1
DDAD,9.234,1
DDAD,9.274,1
DDAD,9.377,1
DDAD,9.568,1
DDAD,9.821,1
DDAD,9.893,1
DDAD,9.924,1
DDAD,9.939,1
DDAD,10.117,1
DDAD,10.135,1
DDAD,10.191,1
DDAD,10.394,1
DDAD,10.441,1
DDAD,10.487,1
DDAD,10.561,1
DDAD,10.569,1
DDAD,10.628,1
DDAD,10.660,1
DDAD,10.692,1
DDAD,10.893,1
DDAD,10.916,1
DDAD,11.129,1
DDAD,11.285,1
DDAD,11.423,1
DDAD,11.524,1
DDAD,11.550,1
DDAD,11.563,1
DDAD,11.706,1
DDAD,11.775,1
DDAD,11.820,1
DDAD,11.855,1
DDAD,11.945,1
DDAD,11.974,1
DDAD,12.009,1
DDAD,12.045,1
DDAD,12.067,1
DDAD,12.073,1
DDAD,12.078,1
DDAD,12.300,2
DDAD,12.403,1
DDAD,12.453,1
DDAD,12.554,1
DDAD,12.609,1
DDAD,12.696,1
DDAD,12.745,1
DDAD,12.751,1
DDAD,12.777,1
DDAD,12.853,1
DDAD,12.899,1
DDAD,12.907,1
DDAD,12.943,1
DDAD,12.964,1
DDAD,13.005,1
DDAD,13.134,1
DDAD,13.205,1
DDAD,13.231,1
DDAD,13.241,1
DDAD,13.307,1
DDAD,13.383,1
DDAD,13.384,1
DDAD,13.415,2
DDAD,13.434,1
DDAD,13.592,2
DDAD,13.710,1
DDAD,13.742,1
DDAD,13.786,1
DDAD,13.805,1
DDAD,13.862,1
DDAD,13.886,1
DDAD,14.013,1
DDAD,14.022,1
DDAD,14.027,1
DDAD,14.058,1
DDAD,14.092,1
DDAD,14.096,1
DDAD,14.124,1
DDAD,14.132,1
DDAD,14.136,1
DDAD,14.143,1
DDAD,14.163,1
DDAD,14.181,1
DDAD,14.247,1
DDAD,14.321,1
DDAD,14.328,1
DDAD,14.329,1
DDAD,14.364,1
DDAD,14.388,1
DDAD,14.425,1
DDAD,14.462,1
DDAD,14.472,1
DDAD,14.483,1
DDAD,14.488,1
DDAD,14.533,1
DDAD,14.554,1
DDAD,14.557,1
DDAD,14.590,1
DDAD,14.595,1
DDAD,14.607,1
DDAD,14.615,1
DDAD,14.638,1
DDAD,14.648,1
DDAD,14.657,1
DDAD,14.674,1
DDAD,14.695,1
DDAD,14.702,1
DDAD,14.734,1
DDAD,14.819,1
DDAD,14.861,1
DDAD,14.955,1
DDAD,14.997,1
DDAD,14.998,1
DDAD,15.115,1
DDAD,15.116,2
DDAD,15.141,1
DDAD,15.147,1
DDAD,15.169,1
DDAD,15.276,1
DDAD,15.403,1
DDAD,15.405,1
DDAD,15.564,1
DDAD,15.593,1
DDAD,15.677,1
DDAD,15.684,1
DDAD,15.779,1
DDAD,15.911,1
DDAD,15.948,1
DDAD,15.949,1
DDAD,15.983,1
DDAD,15.994,1
DDAD,16.004,1
DDAD,16.162,1
DDAD,16.196,1
DDAD,16.225,1
DDAD,16.252,1
DDAD,16.272,1
DDAD,16.281,1
DDAD,16.298,1
DDAD,16.345,1
DDAD,16.352,2
DDAD,16.363,1
DDAD,16.410,1
DDAD,16.419,1
DDAD,16.439,1
DDAD,16.447,1
DDAD,16.470,1
DDAD,16.472,1
DDAD,16.482,1
DDAD,16.505,1
DDAD,16.506,1
DDAD,16.565,1
DDAD,16.581,1
DDAD,16.635,1
DDAD,16.654,1
DDAD,16.703,1
DDAD,16.724,1
DDAD,16.737,1
DDAD,16.753,1
DDAD,16.789,1
DDAD,16.895,1
DDAD,16.912,1
DDAD,16.917,1
DDAD,16.932,1
DDAD,16.943,1
DDAD,16.944,1
DDAD,16.960,1
DDAD,16.971,1
DDAD,16.978,1
DDAD,16.979,1
DDAD,16.983,1
DDAD,16.992,1
DDAD,17.004,1
DDAD,17.022,1
DDAD,17.097,1
DDAD,17.102,1
DDAD,17.129,1
DDAD,17.157,1
DDAD,17.167,1
DDAD,17.182,1
DDAD,17.188,1
DDAD,17.204,1
DDAD,17.208,1
DDAD,17.243,1
DDAD,17.244,1
DDAD,17.263,1
DDAD,17.278,1
DDAD,17.336,1
DDAD,17.356,1
DDAD,17.361,1
DDAD,17.397,1
DDAD,17.399,1
DDAD,17.405,1
DDAD,17.425,1
DDAD,17.455,1
DDAD,17.460,1
DDAD,17.464,1
DDAD,17.522,1
DDAD,17.527,1
DDAD,17.567,1
DDAD,17.573,1
DDAD,17.583,1
DDAD,17.601,2
DDAD,17.608,1
DDAD,17.611,1
DDAD,17.670,1
DDAD,17.716,1
DDAD,17.724,1
DDAD,17.767,1
DDAD,17.768,1
DDAD,17.770,1
DDAD,17.771,1
DDAD,17.788,1
DDAD,17.794,1
DDAD,17.801,1
DDAD,17.823,1
DDAD,17.841,1
DDAD,17.861,1
DDAD,17.896,1
DDAD,17.914,1
DDAD,17.921,1
DDAD,17.924,1
DDAD,18.010,1
DDAD,18.029,1
DDAD,18.041,1
DDAD,18.123,1
DDAD,18.133,2
DDAD,18.138,1
DDAD,18.232,1
DDAD,18.237,1
DDAD,18.270,1
DDAD,18.357,1
DDAD,18.364,1
DDAD,18.475,1
DDAD,18.485,1
DDAD,18.530,1
DDAD,18.586,1
DDAD,18.647,1
DDAD,18.695,1
DDAD,18.704,1
DDAD,18.720,1
DDAD,18.729,1
DDAD,18.733,1
DDAD,18.852,1
DDAD,18.884,1
DDAD,18.940,1
DDAD,18.998,1
DDAD,19.032,1
DDAD,19.038,1
DDAD,19.162,1
DDAD,19.168,1
DDAD,19.192,1
DDAD,19.198,1
DDAD,19.217,1
DDAD,19.234,1
DDAD,19.272,1
DDAD,19.281,2
DDAD,19.289,1
DDAD,19.317,1
DDAD,19.330,1
DDAD,19.365,1
DDAD,19.397,1
DDAD,19.417,1
DDAD,19.431,1
DDAD,19.476,1
DDAD,19.479,1
DDAD,19.504,1
DDAD,19.517,1
DDAD,19.523,1
DDAD,19.545,1
DDAD,19.629,1
DDAD,19.652,1
DDAD,19.684,1
DDAD,19.687,1
DDAD,19.717,1
DDAD,19.733,1
DDAD,19.750,1
DDAD,19.754,1
DDAD,19.825,1
DDAD,19.833,1
DDAD,19.864,1
DDAD,19.916,1
DDAD,19.921,1
DDAD,19.924,1
DDAD,19.949,1
DDAD,19.954,1
DDAD,19.964,1
DDAD,19.984,1
DDAD,20.005,1
DDAD,20.024,1
DDAD,20.050,1
DDAD,20.079,1
DDAD,20.104,1
DDAD,20.105,1
DDAD,20.123,1
DDAD,20.165,1
DDAD,20.192,1
DDAD,20.196,1
DDAD,20.202,1
DDAD,20.216,1
DDAD,20.217,1
DDAD,20.291,1
DDAD,20.304,1
DDAD,20.337,1
DDAD,20.348,1
DDAD,20.361,1
DDAD,20.366,1
DDAD,20.412,1
DDAD,20.428,1
DDAD,20.452,1
DDAD,20.475,1
DDAD,20.478,1
DDAD,20.486,1
DDAD,20.490,1
DDAD,20.536,1
DDAD,20.544,1
DDAD,20.550,1
DDAD,20.590,1
DDAD,20.611,1
DDAD,20.620,1
DDAD,20.657,1
DDAD,20.740,1
DDAD,20.763,1
DDAD,20.768,1
DDAD,20.825,1
DDAD,20.826,1
DDAD,20.838,1
DDAD,20.852,1
DDAD,20.857,1
DDAD,20.895,1
DDAD,20.916,1
DDAD,20.972,1
DDAD,20.980,1
DDAD,20.998,1
DDAD,20.999,1
DDAD,21.009,1
DDAD,21.044,1
DDAD,21.097,1
DDAD,21.099,1
DDAD,21.122,1
DDAD,21.195,1
DDAD,21.199,1
DDAD,21.231,1
DDAD,21.303,1
DDAD,21.395,1
DDAD,21.404,1
DDAD,21.419,1
DDAD,21.428,1
DDAD,21.477,1
DDAD,21.480,1
DDAD,21.501,2
DDAD,21.532,1
DDAD,21.533,1
DDAD,21.557,1
DDAD,21.560,1
DDAD,21.568,1
DDAD,21.597,1
DDAD,21.599,1
DDAD,21.649,1
DDAD,21.656,1
DDAD,21.693,1
DDAD,21.760,1
DDAD,21.771,1
DDAD,21.802,1
DDAD,21.806,1
DDAD,21.867,1
DDAD,21.904,1
DDAD,21.944,1
DDAD,22.017,1
DDAD,22.108,1
DDAD,22.123,1
DDAD,22.159,1
DDAD,22.238,1
DDAD,22.284,1
DDAD,22.310,1
DDAD,22.420,1
DDAD,22.500,1
DDAD,22.504,1
DDAD,22.520,1
DDAD,22.554,1
DDAD,22.626,1
DDAD,22.655,1
DDAD,22.670,1
DDAD,22.671,1
DDAD,22.697,1
DDAD,22.698,1
DDAD,22.700,1
DDAD,22.720,1
DDAD,22.735,1
DDAD,22.758,1
DDAD,22.759,1
DDAD,22.791,1
DDAD,22.832,1
DDAD,22.835,1
DDAD,22.856,1
DDAD,22.857,1
DDAD,22.862,1
DDAD,22.870,1
DDAD,22.886,1
DDAD,22.895,1
DDAD,22.960,1
DDAD,22.989,1
DDAD,23.001,1
DDAD,23.003,1
DDAD,23.008,1
DDAD,23.051,1
DDAD,23.109,1
DDAD,23.137,1
DDAD,23.174,1
DDAD,23.200,1
DDAD,23.263,2
DDAD,23.302,1
DDAD,23.357,1
DDAD,23.412,1
DDAD,23.414,1
DDAD,23.420,1
DDAD,23.493,1
DDAD,23.546,1
DDAD,23.558,1
DDAD,23.597,1
DDAD,23.675,1
DDAD,23.712,1
DDAD,23.741,1
DDAD,23.743,1
DDAD,23.755,1
DDAD,23.796,1
DDAD,23.808,1
DDAD,23.818,1
DDAD,23.827,1
DDAD,23.834,1
DDAD,23.850,1
DDAD,23.852,1
DDAD,23.867,1
DDAD,23.882,1
DDAD,23.926,1
DDAD,24.018,1
DDAD,24.046,1
DDAD,24.082,1
DDAD,24.142,1
DDAD,24.153,1
DDAD,24.251,1
DDAD,24.262,1
DDAD,24.316,1
DDAD,24.406,1
DDAD,24.407,1
DDAD,24.413,1
DDAD,24.431,1
DDAD,24.454,1
DDAD,24.466,1
DDAD,24.495,1
DDAD,24.544,1
DDAD,24.546,1
DDAD,24.552,1
DDAD,24.556,1
DDAD,24.585,1
DDAD,24.595,1
DDAD,24.617,1
DDAD,24.627,1
DDAD,24.637,1
DDAD,24.641,1
DDAD,24.667,1
DDAD,24.722,1
DDAD,24.729,1
DDAD,24.739,1
DDAD,24.786,1
DDAD,24.787,1
DDAD,24.895,1
DDAD,24.941,1
DDAD,24.964,1
DDAD,24.970,1
DDAD,24.975,1
DDAD,24.990,1
DDAD,25.004,1
DDAD,25.005,1
DDAD,25.018,1
DDAD,25.023,1
DDAD,25.048,2
DDAD,25.068,1
DDAD,25.111,1
DDAD,25.113,1
DDAD,25.181,1
DDAD,25.183,1
DDAD,25.216,1
DDAD,25.230,1
DDAD,25.234,1
DDAD,25.302,1
DDAD,25.337,1
DDAD,25.379,1
DDAD,25.404,1
DDAD,25.407,1
DDAD,25.428,1
DDAD,25.471,1
DDAD,25.494,1
DDAD,25.551,1
DDAD,25.583,1
DDAD,25.618,1
DDAD,25.622,1
DDAD,25.643,1
DDAD,25.698,1
DDAD,25.713,1
DDAD,25.725,1
DDAD,25.747,1
DDAD,25.764,1
DDAD,25.837,1
DDAD,25.933,1
DDAD,25.980,1
DDAD,26.020,1
DDAD,26.022,1
DDAD,26.074,1
DDAD,26.086,1
DDAD,26.165,1
DDAD,26.167,1
DDAD,26.191,1
DDAD,26.209,1
DDAD,26.219,1
DDAD,26.250,1
DDAD,26.268,1
DDAD,26.302,1
DDAD,26.327,1
DDAD,26.375,1
DDAD,26.386,1
DDAD,26.402,1
DDAD,26.449,2
DDAD,26.515,1
DDAD,26.530,1
DDAD,26.542,1
DDAD,26.554,1
DDAD,26.555,1
DDAD,26.558,1
DDAD,26.562,1
DDAD,26.603,1
DDAD,26.607,1
DDAD,26.615,1
DDAD,26.626,1
DDAD,26.718,1
DDAD,26.732,1
DDAD,26.733,1
DDAD,26.753,1
DDAD,26.826,1
DDAD,26.829,1
DDAD,26.847,1
DDAD,26.925,1
DDAD,26.932,1
DDAD,26.936,1
DDAD,26.973,1
DDAD,26.976,1
DDAD,26.979,1
DDAD,27.011,1
DDAD,27.022,1
DDAD,27.049,1
DDAD,27.117,1
DDAD,27.167,1
DDAD,27.214,1
DDAD,27.231,1
DDAD,27.237,1
DDAD,27.239,1
DDAD,27.348,1
DDAD,27.400,1
DDAD,27.405,1
DDAD,27.427,1
DDAD,27.429,1
DDAD,27.449,1
DDAD,27.460,1
DDAD,27.533,1
DDAD,27.604,1
DDAD,27.697,1
DDAD,27.736,1
DDAD,27.745,1
DDAD,27.753,1
DDAD,27.771,1
DDAD,27.810,1
DDAD,27.907,1
DDAD,27.928,1
DDAD,27.979,1
DDAD,27.980,1
DDAD,27.998,1
DDAD,28.085,2
DDAD,28.104,1
DDAD,28.174,1
DDAD,28.188,1
DDAD,28.213,1
DDAD,28.252,1
DDAD,28.259,1
DDAD,28.291,1
DDAD,28.298,1
DDAD,28.319,1
DDAD,28.365,1
DDAD,28.405,1
DDAD,28.420,1
DDAD,28.425,1
DDAD,28.441,1
DDAD,28.445,1
DDAD,28.446,1
DDAD,28.456,1
DDAD,28.500,1
DDAD,28.539,1
DDAD,28.580,1
DDAD,28.594,1
DDAD,28.632,1
DDAD,28.643,1
DDAD,28.654,1
DDAD,28.676,1
DDAD,28.715,1
DDAD,28.719,1
DDAD,28.755,1
DDAD,28.758,1
DDAD,28.776,1
DDAD,28.793,1
DDAD,28.796,1
DDAD,28.806,2
DDAD,28.813,1
DDAD,28.867,1
DDAD,28.868,1
DDAD,28.913,1
DDAD,28.921,1
DDAD,28.926,1
DDAD,28.934,1
DDAD,28.935,1
DDAD,28.939,1
DDAD,28.942,1
DDAD,28.944,1
DDAD,28.951,1
DDAD,29.068,1
DDAD,29.091,1
DDAD,29.141,1
DDAD,29.165,1
DDAD,29.237,1
DDAD,29.241,1
DDAD,29.248,1
DDAD,29.259,1
DDAD,29.281,1
DDAD,29.284,1
DDAD,29.294,1
DDAD,29.310,1
DDAD,29.320,1
DDAD,29.335,1
DDAD,29.357,1
DDAD,29.395,1
DDAD,29.397,2
DDAD,29.398,1
DDAD,29.408,2
DDAD,29.413,1
DDAD,29.459,1
DDAD,29.488,1
DDAD,29.522,1
DDAD,29.541,1
DDAD,29.548,1
DDAD,29.569,1
DDAD,29.582,1
DDAD,29.583,1
DDAD,29.602,1
DDAD,29.612,1
DDAD,29.644,1
DDAD,29.690,1
DDAD,29.738,1
DDAD,29.773,1
DDAD,29.822,1
DDAD,29.835,1
DDAD,29.868,1
DDAD,29.920,1
DDAD,29.925,1
DDAD,29.934,1
DDAD,29.935,1
DDAD,29.938,1
DDAD,29.949,1
DDAD,29.958,1
DDAD,29.972,1
DDAD,29.975,1
DDAD,29.978,1
DDAD,29.980,1
DDAD,29.991,1
DDAD,30.005,1
DDAD,30.082,1
DDAD,30.085,1
DDAD,30.142,1
DDAD,30.152,1
DDAD,30.165,1
DDAD,30.172,1
DDAD,30.178,1
DDAD,30.212,1
DDAD,30.215,1
DDAD,30.220,1
DDAD,30.265,1
DDAD,30.293,1
DDAD,30.317,1
DDAD,30.420,1
DDAD,30.452,1
DDAD,30.466,1
DDAD,30.493,1
DDAD,30.567,1
DDAD,30.627,1
DDAD,30.650,1
DDAD,30.710,1
DDAD,30.781,1
DDAD,30.828,1
DDAD,30.835,1
DDAD,30.870,1
DDAD,30.872,1
DDAD,30.876,1
DDAD,30.877,1
DDAD,30.878,1
DDAD,30.881,1
DDAD,30.891,1
DDAD,30.899,1
DDAD,30.928,1
DDAD,30.951,1
DDAD,30.961,1
DDAD,30.988,1
DDAD,30.998,1
DDAD,31.051,1
DDAD,31.052,1
DDAD,31.060,1
DDAD,31.065,1
DDAD,31.152,1
DDAD,31.175,1
DDAD,31.197,1
DDAD,31.214,1
DDAD,31.262,1
DDAD,31.290,1
DDAD,31.292,1
DDAD,31.333,1
DDAD,31.336,1
DDAD,31.388,1
DDAD,31.490,1
DDAD,31.542,1
DDAD,31.583,1
DDAD,31.584,1
DDAD,31.590,1
DDAD,31.596,1
DDAD,31.690,1
DDAD,31.693,1
DDAD,31.700,2
DDAD,31.713,1
DDAD,31.745,1
DDAD,31.761,1
DDAD,31.815,1
DDAD,31.866,1
DDAD,31.994,1
DDAD,32.066,1
DDAD,32.111,1
DDAD,32.145,1
DDAD,32.156,1
DDAD,32.215,1
DDAD,32.341,1
DDAD,32.360,1
DDAD,32.379,1
DDAD,32.384,1
DDAD,32.425,1
DDAD,32.434,1
DDAD,32.454,1
DDAD,32.482,1
DDAD,32.493,1
DDAD,32.495,1
DDAD,32.510,1
DDAD,32.599,1
DDAD,32.605,1
DDAD,32.625,1
DDAD,32.775,1
DDAD,32.870,1
DDAD,32.888,1
DDAD,32.897,1
DDAD,32.917,1
DDAD,32.934,1
DDAD,32.959,1
DDAD,33.014,1
DDAD,33.051,1
DDAD,33.098,1
DDAD,33.122,1
DDAD,33.160,1
DDAD,33.168,1
DDAD,33.234,1
DDAD,33.261,1
DDAD,33.268,1
DDAD,33.295,1
DDAD,33.362,1
DDAD,33.363,1
DDAD,33.427,1
DDAD,33.433,1
DDAD,33.455,1
DDAD,33.477,1
DDAD,33.504,1
DDAD,33.547,1
DDAD,33.663,1
DDAD,33.678,1
DDAD,33.757,1
DDAD,33.778,1
DDAD,33.979,1
DDAD,34.061,1
DDAD,34.065,1
DDAD,34.097,1
DDAD,34.189,1
DDAD,34.206,1
DDAD,34.249,1
DDAD,34.276,1
DDAD,34.297,1
DDAD,34.457,1
DDAD,34.465,1
DDAD,34.538,1
DDAD,34.610,1
DDAD,34.635,1
DDAD,34.665,1
DDAD,34.698,1
DDAD,34.701,1
DDAD,34.781,1
DDAD,34.829,1
DDAD,34.911,1
DDAD,34.912,1
DDAD,34.982,1
DDAD,34.985,1
DDAD,35.056,1
DDAD,35.112,1
DDAD,35.116,1
DDAD,35.172,1
DDAD,35.203,1
DDAD,35.210,1
DDAD,35.243,1
DDAD,35.244,1
DDAD,35.309,1
DDAD,35.316,1
DDAD,35.322,1
DDAD,35.350,1
DDAD,35.355,1
DDAD,35.398,1
DDAD,35.439,1
DDAD,35.464,1
DDAD,35.490,1
DDAD,35.556,1
DDAD,35.565,1
DDAD,35.606,1
DDAD,35.637,1
DDAD,35.683,1
DDAD,35.740,1
DDAD,35.811,1
DDAD,35.816,1
DDAD,35.831,1
DDAD,35.891,1
DDAD,35.912,1
DDAD,35.978,1
DDAD,35.979,1
DDAD,35.980,2
DDAD,36.049,1
DDAD,36.214,1
DDAD,36.257,1
DDAD,36.264,1
DDAD,36.297,1
DDAD,36.336,1
DDAD,36.363,1
DDAD,36.379,1
DDAD,36.469,1
DDAD,36.526,1
DDAD,36.538,1
DDAD,36.598,1
DDAD,36.677,1
DDAD,36.685,1
DDAD,36.804,1
DDAD,36.878,1
DDAD,36.886,1
DDAD,36.917,1
DDAD,36.967,1
DDAD,36.968,1
DDAD,37.034,1
DDAD,37.037,1
DDAD,37.083,1
DDAD,37.175,1
DDAD,37.215,1
DDAD,37.263,1
DDAD,37.288,1
DDAD,37.405,1
DDAD,37.477,1
DDAD,37.483,1
DDAD,37.501,1
DDAD,37.546,1
DDAD,37.600,1
DDAD,37.947,1
DDAD,38.018,1
DDAD,38.257,1
DDAD,38.297,1
DDAD,38.350,1
DDAD,38.385,1
DDAD,38.645,1
DDAD,38.676,1
DDAD,38.837,1
DDAD,39.057,1
DDAD,39.369,1
DDAD,39.370,1
DDAD,39.598,1
DDAD,39.603,1
DDAD,39.704,1
DDAD,39.824,1
DDAD,40.163,1
DDAD,40.291,1
DDAD,40.311,1
DDAD,40.349,1
DDAD,40.432,1
DDAD,40.526,1
DDAD,40.566,1
DDAD,41.067,1
DDAD,41.088,1
DDAD,41.347,1
DDAD,41.540,1
DDAD,41.742,1
DDAD,41.900,1
DDAD,42.152,1
DDAD,42.207,1
DDAD,42.385,1
DDAD,42.455,1
DDAD,44.016,1
DDAD,44.088,1
DDAD,44.558,1
DDAD,45.213,1
DDAD,45.271,1
DDAD,45.847,1
DDAD,46.358,1
DDAD,46.502,1
DDAD,46.601,1
DDAD,47.057,1
DDAD,47.745,1
DDAD,48.315,1
DIODE,0.726,1
DIODE,0.729,1
DIODE,0.825,1
DIODE,0.928,1
DIODE,0.974,1
DIODE,0.978,1
DIODE,1.040,1
DIODE,1.074,1
DIODE,1.094,1
DIODE,1.109,1
DIODE,1.130,1
DIODE,1.253,1
DIODE,1.277,1
DIODE,1.282,1
DIODE,1.283,1
DIODE,1.384,1
DIODE,1.385,1
DIODE,1.409,1
DIODE,1.413,1
DIODE,1.499,1
DIODE,1.516,1
DIODE,1.522,1
DIODE,1.562,1
DIODE,1.601,1
DIODE,1.606,1
DIODE,1.611,1
DIODE,1.612,1
DIODE,1.627,1
DIODE,1.641,1
DIODE,1.642,1
DIODE,1.647,1
DIODE,1.659,1
DIODE,1.661,1
DIODE,1.667,1
DIODE,1.668,1
DIODE,1.673,1
DIODE,1.679,1
DIODE,1.683,1
DIODE,1.714,1
DIODE,1.733,1
DIODE,1.734,1
DIODE,1.736,1
DIODE,1.738,1
DIODE,1.740,1
DIODE,1.750,1
DIODE,1.764,1
DIODE,1.787,1
DIODE,1.788,1
DIODE,1.790,1
DIODE,1.793,1
DIODE,1.806,1
DIODE,1.814,1
DIODE,1.826,1
DIODE,1.845,1
DIODE,1.858,1
DIODE,1.859,1
DIODE,1.870,2
DIODE,1.874,1
DIODE,1.878,2
DIODE,1.894,1
DIODE,1.898,1
DIODE,1.908,1
DIODE,1.910,1
DIODE,1.920,1
DIODE,1.932,1
DIODE,1.937,1
DIODE,1.942,2
DIODE,1.945,1
DIODE,1.951,1
DIODE,1.953,1
DIODE,1.984,1
DIODE,1.986,1
DIODE,1.994,1
DIODE,1.995,3
DIODE,2.013,1
DIODE,2.017,1
DIODE,2.025,1
DIODE,2.043,1
DIODE,2.054,1
DIODE,2.056,1
DIODE,2.058,1
DIODE,2.067,1
DIODE,2.089,1
DIODE,2.098,2
DIODE,2.102,1
DIODE,2.104,1
DIODE,2.118,1
DIODE,2.124,1
DIODE,2.133,2
DIODE,2.136,1
DIODE,2.169,1
DIODE,2.172,1
DIODE,2.182,1
DIODE,2.183,1
DIODE,2.188,1
DIODE,2.201,1
DIODE,2.212,1
DIODE,2.237,1
DIODE,2.239,1
DIODE,2.244,1
DIODE,2.246,1
DIODE,2.251,1
DIODE,2.259,1
DIODE,2.262,1
DIODE,2.264,1
DIODE,2.271,1
DIODE,2.273,1
DIODE,2.289,1
DIODE,2.290,1
DIODE,2.291,1
DIODE,2.301,1
DIODE,2.302,1
DIODE,2.308,1
DIODE,2.313,1
DIODE,2.322,1
DIODE,2.330,1
DIODE,2.333,1
DIODE,2.346,1
DIODE,2.349,1
DIODE,2.355,1
DIODE,2.361,1
DIODE,2.365,1
DIODE,2.373,1
DIODE,2.380,1
DIODE,2.381,1
DIODE,2.387,1
DIODE,2.389,1
DIODE,2.396,1
DIODE,2.397,1
DIODE,2.415,1
DIODE,2.418,1
DIODE,2.426,1
DIODE,2.427,1
DIODE,2.433,1
DIODE,2.438,2
DIODE,2.440,1
DIODE,2.442,1
DIODE,2.444,2
DIODE,2.448,1
DIODE,2.449,1
DIODE,2.457,1
DIODE,2.469,1
DIODE,2.479,1
DIODE,2.506,1
DIODE,2.514,1
DIODE,2.519,1
DIODE,2.525,1
DIODE,2.530,1
DIODE,2.565,1
DIODE,2.567,2
DIODE,2.569,1
DIODE,2.579,1
DIODE,2.586,1
DIODE,2.604,1
DIODE,2.608,1
DIODE,2.610,1
DIODE,2.617,1
DIODE,2.624,1
DIODE,2.681,1
DIODE,2.690,1
DIODE,2.691,1
DIODE,2.727,1
DIODE,2.742,1
DIODE,2.744,1
DIODE,2.759,1
DIODE,2.778,1
DIODE,2.784,1
DIODE,2.790,1
DIODE,2.793,1
DIODE,2.806,1
DIODE,2.808,1
DIODE,2.814,1
DIODE,2.823,1
DIODE,2.838,1
DIODE,2.870,1
DIODE,2.901,1
DIODE,2.911,1
DIODE,2.927,1
DIODE,2.942,1
DIODE,2.956,1
DIODE,2.965,1
DIODE,2.978,1
DIODE,2.980,1
DIODE,2.988,1
DIODE,3.007,1
DIODE,3.011,1
DIODE,3.012,1
DIODE,3.019,1
DIODE,3.021,1
DIODE,3.024,1
DIODE,3.062,1
DIODE,3.085,1
DIODE,3.091,1
DIODE,3.107,2
DIODE,3.120,1
DIODE,3.130,1
DIODE,3.131,1
DIODE,3.137,1
DIODE,3.171,1
DIODE,3.198,1
DIODE,3.221,1
DIODE,3.236,1
DIODE,3.251,1
DIODE,3.263,1
DIODE,3.267,1
DIODE,3.272,2
DIODE,3.280,1
DIODE,3.281,1
DIODE,3.332,1
DIODE,3.340,1
DIODE,3.351,1
DIODE,3.353,1
DIODE,3.355,1
DIODE,3.388,1
DIODE,3.393,1
DIODE,3.397,1
DIODE,3.403,1
DIODE,3.474,1
DIODE,3.475,1
DIODE,3.527,1
DIODE,3.543,1
DIODE,3.563,1
DIODE,3.569,1
DIODE,3.582,1
DIODE,3.590,1
DIODE,3.592,1
DIODE,3.655,1
DIODE,3.733,1
DIODE,3.766,1
DIODE,3.778,1
DIODE,3.779,1
DIODE,3.786,1
DIODE,3.868,1
DIODE,3.915,1
DIODE,3.940,1
DIODE,3.982,1
DIODE,4.019,1
DIODE,4.149,1
DIODE,4.292,1
DIODE,4.304,1
DIODE,4.489,1
DIODE,4.564,1
DIODE,4.580,1
DIODE,4.663,1
DIODE,4.796,1
DIODE,4.907,1
DIODE,4.962,1
DIODE,5.110,1
DIODE,5.121,1
DIODE,5.210,1
DIODE,5.211,1
DIODE,5.223,1
DIODE,5.242,1
DIODE,5.264,1
DIODE,5.295,1
DIODE,5.349,1
DIODE,5.371,1
DIODE,5.444,1
DIODE,5.471,1
DIODE,5.519,1
DIODE,5.531,1
DIODE,5.540,1
DIODE,5.578,1
DIODE,5.597,1
DIODE,5.642,1
DIODE,5.765,1
DIODE,5.816,1
DIODE,5.875,1
DIODE,5.881,1
DIODE,5.920,1
DIODE,5.964,1
DIODE,5.998,1
DIODE,6.002,1
DIODE,6.004,1
DIODE,6.015,1
DIODE,6.101,1
DIODE,6.256,1
DIODE,6.348,1
DIODE,6.390,1
DIODE,6.393,1
DIODE,6.446,1
DIODE,6.447,1
DIODE,6.449,1
DIODE,6.461,1
DIODE,6.470,1
DIODE,6.505,1
DIODE,6.540,1
DIODE,6.547,1
DIODE,6.575,1
DIODE,6.659,1
DIODE,6.720,1
DIODE,6.748,1
DIODE,6.752,1
DIODE,6.766,1
DIODE,6.808,1
DIODE,6.821,1
DIODE,6.829,1
DIODE,6.868,1
DIODE,6.905,1
DIODE,6.932,1
DIODE,6.938,1
DIODE,7.020,1
DIODE,7.026,1
DIODE,7.030,1
DIODE,7.039,1
DIODE,7.087,1
DIODE,7.101,1
DIODE,7.140,1
DIODE,7.148,1
DIODE,7.218,1
DIODE,7.234,1
DIODE,7.246,1
DIODE,7.247,1
DIODE,7.410,1
DIODE,7.413,1
DIODE,7.432,1
DIODE,7.451,1
DIODE,7.491,1
DIODE,7.524,1
DIODE,7.621,1
DIODE,7.630,1
DIODE,7.643,1
DIODE,7.742,1
DIODE,7.776,1
DIODE,7.779,1
DIODE,7.869,1
DIODE,7.903,1
DIODE,7.911,1
DIODE,7.933,1
DIODE,7.943,1
DIODE,8.001,1
DIODE,8.009,1
DIODE,8.026,1
DIODE,8.080,1
DIODE,8.110,1
DIODE,8.146,1
DIODE,8.150,1
DIODE,8.177,1
DIODE,8.325,1
DIODE,8.374,1
DIODE,8.385,1
DIODE,8.394,1
DIODE,8.396,1
DIODE,8.401,1
DIODE,8.404,1
DIODE,8.505,1
DIODE,8.520,1
DIODE,8.532,1
DIODE,8.597,1
DIODE,8.681,1
DIODE,8.714,1
DIODE,8.727,1
DIODE,8.821,1
DIODE,8.829,1
DIODE,8.900,1
DIODE,8.907,1
DIODE,8.953,1
DIODE,8.954,1
DIODE,8.966,1
DIODE,9.024,1
DIODE,9.063,1
DIODE,9.074,1
DIODE,9.084,1
DIODE,9.109,1
DIODE,9.123,1
DIODE,9.135,1
DIODE,9.154,1
DIODE,9.220,1
DIODE,9.273,1
DIODE,9.276,1
DIODE,9.290,1
DIODE,9.320,1
DIODE,9.337,1
DIODE,9.382,1
DIODE,9.422,1
DIODE,9.442,1
DIODE,9.494,1
DIODE,9.571,1
DIODE,9.603,1
DIODE,9.637,2
DIODE,9.685,1
DIODE,9.730,1
DIODE,9.747,1
DIODE,9.830,1
DIODE,9.860,1
DIODE,9.875,1
DIODE,9.887,1
DIODE,9.917,1
DIODE,9.952,1
DIODE,9.993,1
DIODE,10.007,1
DIODE,10.012,1
DIODE,10.050,1
DIODE,10.064,1
DIODE,10.129,1
DIODE,10.188,1
DIODE,10.190,1
DIODE,10.221,1
DIODE,10.225,1
DIODE,10.345,1
DIODE,10.348,1
DIODE,10.412,1
DIODE,10.482,1
DIODE,10.486,1
DIODE,10.550,1
DIODE,10.554,1
DIODE,10.566,1
DIODE,10.577,1
DIODE,10.627,1
DIODE,10.660,1
DIODE,10.663,1
DIODE,10.703,2
DIODE,10.715,1
DIODE,10.737,1
DIODE,10.824,1
DIODE,10.851,1
DIODE,10.857,1
DIODE,10.880,1
DIODE,11.166,1
DIODE,11.306,1
DIODE,11.308,1
DIODE,11.317,1
DIODE,11.388,1
DIODE,11.416,1
DIODE,11.424,1
DIODE,11.475,1
DIODE,11.555,1
DIODE,11.717,1
DIODE,11.801,1
DIODE,11.827,1
DIODE,11.869,1
DIODE,11.903,1
DIODE,11.914,1
DIODE,11.991,1
DIODE,11.996,1
DIODE,12.023,1
DIODE,12.027,1
DIODE,12.031,1
DIODE,12.054,1
DIODE,12.103,1
DIODE,12.192,1
DIODE,12.197,1
DIODE,12.223,1
DIODE,12.226,1
DIODE,12.367,1
DIODE,12.383,1
DIODE,12.419,1
DIODE,12.536,1
DIODE,12.560,1
DIODE,12.657,1
DIODE,12.731,1
DIODE,12.823,1
DIODE,12.852,1
DIODE,12.855,1
DIODE,12.858,1
DIODE,12.860,1
DIODE,12.914,1
DIODE,12.917,1
DIODE,12.923,1
DIODE,12.936,1
DIODE,12.972,1
DIODE,12.987,1
DIODE,13.201,1
DIODE,13.242,1
DIODE,13.297,1
DIODE,13.349,1
DIODE,13.406,1
DIODE,13.424,1
DIODE,13.475,1
DIODE,13.487,1
DIODE,13.511,1
DIODE,13.532,1
DIODE,13.562,1
DIODE,13.654,1
DIODE,13.705,1
DIODE,13.725,1
DIODE,13.735,1
DIODE,13.782,1
DIODE,13.912,1
DIODE,13.922,1
DIODE,13.929,1
DIODE,13.942,1
DIODE,13.972,1
DIODE,14.042,1
DIODE,14.081,1
DIODE,14.088,1
DIODE,14.126,1
DIODE,14.129,1
DIODE,14.171,1
DIODE,14.191,1
DIODE,14.219,1
DIODE,14.324,1
DIODE,14.339,1
DIODE,14.362,1
DIODE,14.424,1
DIODE,14.451,1
DIODE,14.479,1
DIODE,14.515,1
DIODE,14.570,1
DIODE,14.574,1
DIODE,14.585,1
DIODE,14.638,1
DIODE,14.692,1
DIODE,14.760,1
DIODE,14.768,1
DIODE,14.809,1
DIODE,14.812,1
DIODE,14.860,1
DIODE,14.884,1
DIODE,14.886,1
DIODE,14.890,1
DIODE,15.081,1
DIODE,15.155,1
DIODE,15.199,1
DIODE,15.278,1
DIODE,15.329,1
DIODE,15.367,1
DIODE,15.478,1
DIODE,15.505,1
DIODE,15.677,1
DIODE,15.812,1
DIODE,15.863,1
DIODE,15.891,1
DIODE,15.893,1
DIODE,15.932,1
DIODE,16.163,1
DIODE,16.428,1
DIODE,16.446,1
DIODE,16.485,1
DIODE,16.486,1
DIODE,16.794,1
DIODE,16.813,1
DIODE,16.828,1
DIODE,16.896,1
DIODE,16.965,1
DIODE,17.100,1
DIODE,17.160,1
DIODE,17.196,1
DIODE,17.205,1
DIODE,17.241,1
DIODE,17.293,1
DIODE,17.303,1
DIODE,17.315,1
DIODE,17.321,1
DIODE,17.324,1
DIODE,17.361,1
DIODE,17.373,1
DIODE,17.486,1
DIODE,17.495,1
DIODE,17.513,1
DIODE,17.544,1
DIODE,17.554,1
DIODE,17.620,1
DIODE,17.646,1
DIODE,17.661,1
DIODE,17.719,1
DIODE,17.731,1
DIODE,17.983,1
DIODE,18.013,1
DIODE,18.031,1
DIODE,18.170,1
DIODE,18.179,1
DIODE,18.191,2
DIODE,18.251,1
DIODE,18.290,1
DIODE,18.471,1
DIODE,18.475,1
DIODE,18.480,1
DIODE,18.513,1
DIODE,18.519,1
DIODE,18.520,1
DIODE,18.527,1
DIODE,18.552,1
DIODE,18.778,1
DIODE,18.779,1
DIODE,18.810,1
DIODE,18.824,1
DIODE,18.970,1
DIODE,19.096,1
DIODE,19.195,1
DIODE,19.211,1
DIODE,19.257,1
DIODE,19.265,1
DIODE,19.290,1
DIODE,19.293,1
DIODE,19.301,1
DIODE,19.377,1
DIODE,19.546,1
DIODE,19.575,1
DIODE,19.633,1
DIODE,19.694,1
DIODE,19.804,1
DIODE,19.820,1
DIODE,19.880,1
DIODE,19.922,1
DIODE,19.930,1
DIODE,19.939,1
DIODE,19.983,1
DIODE,19.988,1
DIODE,20.035,1
DIODE,20.100,1
DIODE,20.122,1
DIODE,20.143,1
DIODE,20.183,1
DIODE,20.221,1
DIODE,20.252,1
DIODE,20.409,1
DIODE,20.471,1
DIODE,20.525,1
DIODE,20.547,1
DIODE,20.590,1
DIODE,20.591,1
DIODE,20.714,1
DIODE,20.794,1
DIODE,20.818,1
DIODE,20.941,1
DIODE,20.943,1
DIODE,21.016,1
DIODE,21.177,1
DIODE,21.249,1
DIODE,21.266,1
DIODE,21.369,1
DIODE,21.415,1
DIODE,21.513,1
DIODE,21.598,1
DIODE,21.692,1
DIODE,21.768,1
DIODE,21.796,1
DIODE,21.843,1
DIODE,21.874,1
DIODE,21.879,1
DIODE,21.894,1
DIODE,21.997,1
DIODE,22.060,1
DIODE,22.236,1
DIODE,22.243,1
DIODE,22.247,1
DIODE,22.410,1
DIODE,22.455,1
DIODE,22.549,1
DIODE,22.636,1
DIODE,22.646,1
DIODE,22.678,1
DIODE,22.892,1
DIODE,22.906,1
DIODE,23.098,1
DIODE,23.232,1
DIODE,23.241,1
DIODE,23.297,1
DIODE,23.358,1
DIODE,23.574,1
DIODE,23.644,1
DIODE,23.732,1
DIODE,23.798,1
DIODE,23.823,1
DIODE,23.868,1
DIODE,23.973,1
DIODE,24.061,1
DIODE,24.162,1
DIODE,24.318,1
DIODE,24.355,1
DIODE,24.828,1
DIODE,24.883,1
DIODE,25.013,1
DIODE,25.241,1
DIODE,25.524,1
DIODE,25.645,1
DIODE,25.667,1
DIODE,25.691,1
DIODE,25.736,1
DIODE,26.066,1
DIODE,26.128,1
DIODE,26.166,1
DIODE,26.307,1
DIODE,26.342,1
DIODE,26.487,1
DIODE,26.532,1
DIODE,26.764,1
DIODE,27.032,1
DIODE,27.102,1
DIODE,27.167,1
DIODE,27.171,1
DIODE,27.196,1
DIODE,27.215,1
DIODE,27.287,1
DIODE,27.324,1
DIODE,27.391,1
DIODE,27.458,1
DIODE,27.575,1
DIODE,27.975,1
DIODE,27.998,1
DIODE,28.092,1
DIODE,28.122,1
DIODE,28.164,1
DIODE,28.312,1
DIODE,28.433,1
DIODE,28.544,1
DIODE,28.705,1
DIODE,28.882,1
DIODE,28.930,1
DIODE,29.047,1
DIODE,29.071,1
DIODE,29.088,1
DIODE,29.092,1
DIODE,29.283,1
DIODE,29.405,1
DIODE,29.421,1
DIODE,29.543,1
DIODE,29.546,1
DIODE,29.877,1
DIODE,30.275,1
DIODE,30.624,1
DIODE,30.625,1
DIODE,30.834,1
DIODE,30.880,1
DIODE,30.939,1
DIODE,30.956,1
DIODE,31.254,1
DIODE,31.502,1
DIODE,31.562,1
DIODE,32.056,1
DIODE,32.300,1
DIODE,32.329,1
DIODE,32.346,1
DIODE,32.420,1
DIODE,32.421,1
DIODE,32.706,1
DIODE,32.731,1
DIODE,32.837,1
DIODE,32.842,1
DIODE,33.046,1
DIODE,33.152,1
DIODE,33.278,1
DIODE,35.054,1
DIODE,35.461,1
DIODE,35.644,1
DIODE,35.834,1
DIODE,36.162,1
DIODE,36.167,1
DIODE,36.679,1
DIODE,38.766,1
DIODE,39.232,1
DIODE,41.084,1
DIODE,41.353,1
DIODE,41.423,1
DIODE,41.474,1
DIODE,42.090,1
DIODE,42.441,1
DIODE,42.875,1
DIODE,43.621,1
DIODE,43.899,1
DIODE,45.164,1
DIODE,45.706,1
DIODE,46.424,1
DIODE,47.528,1
DIODE,51.013,1
ETH3D,1.408,1
ETH3D,1.414,1
ETH3D,1.417,1
ETH3D,1.429,1
ETH3D,1.432,1
ETH3D,1.434,1
ETH3D,1.443,1
ETH3D,1.464,1
ETH3D,1.467,1
ETH3D,1.469,1
ETH3D,1.501,1
ETH3D,1.541,1
ETH3D,1.558,1
ETH3D,1.561,1
ETH3D,1.566,1
ETH3D,1.567,1
ETH3D,1.583,2
ETH3D,1.611,1
ETH3D,1.665,1
ETH3D,1.763,1
ETH3D,1.826,1
ETH3D,1.857,1
ETH3D,1.877,1
ETH3D,1.886,1
ETH3D,1.890,1
ETH3D,1.898,1
ETH3D,1.944,1
ETH3D,1.950,1
ETH3D,1.990,1
ETH3D,2.036,1
ETH3D,2.038,1
ETH3D,2.041,1
ETH3D,2.073,1
ETH3D,2.080,2
ETH3D,2.137,1
ETH3D,2.148,1
ETH3D,2.182,1
ETH3D,2.184,1
ETH3D,2.198,1
ETH3D,2.208,1
ETH3D,2.222,1
ETH3D,2.223,1
ETH3D,2.232,1
ETH3D,2.248,1
ETH3D,2.251,1
ETH3D,2.256,1
ETH3D,2.265,1
ETH3D,2.306,1
ETH3D,2.309,1
ETH3D,2.312,2
ETH3D,2.360,1
ETH3D,2.371,1
ETH3D,2.372,1
ETH3D,2.386,1
ETH3D,2.388,1
ETH3D,2.392,1
ETH3D,2.411,1
ETH3D,2.450,1
ETH3D,2.455,1
ETH3D,2.509,1
ETH3D,2.511,1
ETH3D,2.588,1
ETH3D,2.595,1
ETH3D,2.652,1
ETH3D,2.689,1
ETH3D,2.717,1
ETH3D,2.736,1
ETH3D,2.737,1
ETH3D,2.744,1
ETH3D,2.748,1
ETH3D,2.751,1
ETH3D,2.754,1
ETH3D,2.763,1
ETH3D,2.767,1
ETH3D,2.800,1
ETH3D,2.805,1
ETH3D,2.823,1
ETH3D,2.826,1
ETH3D,2.827,1
ETH3D,2.844,1
ETH3D,2.856,1
ETH3D,2.868,1
ETH3D,2.873,1
ETH3D,2.880,1
ETH3D,2.887,1
ETH3D,2.892,1
ETH3D,2.895,1
ETH3D,2.897,1
ETH3D,2.922,1
ETH3D,2.924,2
ETH3D,2.937,1
ETH3D,2.968,1
ETH3D,2.971,1
ETH3D,2.980,1
ETH3D,2.996,1
ETH3D,3.001,1
ETH3D,3.006,1
ETH3D,3.014,1
ETH3D,3.017,1
ETH3D,3.019,1
ETH3D,3.024,1
ETH3D,3.035,1
ETH3D,3.043,1
ETH3D,3.060,1
ETH3D,3.076,1
ETH3D,3.080,1
ETH3D,3.087,1
ETH3D,3.088,1
ETH3D,3.089,1
ETH3D,3.114,1
ETH3D,3.129,1
ETH3D,3.137,1
ETH3D,3.144,1
ETH3D,3.149,1
ETH3D,3.152,1
ETH3D,3.160,2
ETH3D,3.187,1
ETH3D,3.188,1
ETH3D,3.194,1
ETH3D,3.198,1
ETH3D,3.204,1
ETH3D,3.213,1
ETH3D,3.214,1
ETH3D,3.216,1
ETH3D,3.223,1
ETH3D,3.232,1
ETH3D,3.236,1
ETH3D,3.237,1
ETH3D,3.241,2
ETH3D,3.249,1
ETH3D,3.283,1
ETH3D,3.294,1
ETH3D,3.297,1
ETH3D,3.303,2
ETH3D,3.318,1
ETH3D,3.358,1
ETH3D,3.364,1
ETH3D,3.374,1
ETH3D,3.382,1
ETH3D,3.385,1
ETH3D,3.387,1
ETH3D,3.399,1
ETH3D,3.418,1
ETH3D,3.430,1
ETH3D,3.457,1
ETH3D,3.469,1
ETH3D,3.477,1
ETH3D,3.488,2
ETH3D,3.494,1
ETH3D,3.514,1
ETH3D,3.551,1
ETH3D,3.584,1
ETH3D,3.593,1
ETH3D,3.603,1
ETH3D,3.636,1
ETH3D,3.650,1
ETH3D,3.689,1
ETH3D,3.702,1
ETH3D,3.707,1
ETH3D,3.729,1
ETH3D,3.791,1
ETH3D,3.823,1
ETH3D,3.826,1
ETH3D,3.845,1
ETH3D,3.849,1
ETH3D,3.879,1
ETH3D,3.888,1
ETH3D,3.906,1
ETH3D,3.926,1
ETH3D,3.959,1
ETH3D,3.973,1
ETH3D,4.064,1
ETH3D,4.109,1
ETH3D,4.152,1
ETH3D,4.171,1
ETH3D,4.197,1
ETH3D,4.296,1
ETH3D,4.304,1
ETH3D,4.305,1
ETH3D,4.310,1
ETH3D,4.316,1
ETH3D,4.328,1
ETH3D,4.332,1
ETH3D,4.338,1
ETH3D,4.340,1
ETH3D,4.347,1
ETH3D,4.362,1
ETH3D,4.402,1
ETH3D,4.404,1
ETH3D,4.422,1
ETH3D,4.429,1
ETH3D,4.438,1
ETH3D,4.449,1
ETH3D,4.451,1
ETH3D,4.495,1
ETH3D,4.497,1
ETH3D,4.515,1
ETH3D,4.531,1
ETH3D,4.537,1
ETH3D,4.550,1
ETH3D,4.561,1
ETH3D,4.564,1
ETH3D,4.577,1
ETH3D,4.598,1
ETH3D,4.603,1
ETH3D,4.608,1
ETH3D,4.611,1
ETH3D,4.613,1
ETH3D,4.616,1
ETH3D,4.627,1
ETH3D,4.633,1
ETH3D,4.658,1
ETH3D,4.660,1
ETH3D,4.663,1
ETH3D,4.666,1
ETH3D,4.669,1
ETH3D,4.689,1
ETH3D,4.699,1
ETH3D,4.713,1
ETH3D,4.720,1
ETH3D,4.755,1
ETH3D,4.756,1
ETH3D,4.774,1
ETH3D,4.778,1
ETH3D,4.800,1
ETH3D,4.803,1
ETH3D,4.820,1
ETH3D,4.828,1
ETH3D,4.858,1
ETH3D,4.875,1
ETH3D,4.917,1
ETH3D,4.962,1
ETH3D,4.991,1
ETH3D,5.038,1
ETH3D,5.052,1
ETH3D,5.088,1
ETH3D,5.095,1
ETH3D,5.143,1
ETH3D,5.151,1
ETH3D,5.176,1
ETH3D,5.201,1
ETH3D,5.212,1
ETH3D,5.251,1
ETH3D,5.274,1
ETH3D,5.280,1
ETH3D,5.310,1
ETH3D,5.328,1
ETH3D,5.336,1
ETH3D,5.352,1
ETH3D,5.357,1
ETH3D,5.373,1
ETH3D,5.379,1
ETH3D,5.395,2
ETH3D,5.406,1
ETH3D,5.428,1
ETH3D,5.440,1
ETH3D,5.518,1
ETH3D,5.541,1
ETH3D,5.608,1
ETH3D,5.622,1
ETH3D,5.632,1
ETH3D,5.705,1
ETH3D,5.715,1
ETH3D,5.717,1
ETH3D,5.724,1
ETH3D,5.732,1
ETH3D,5.757,1
ETH3D,5.796,1
ETH3D,5.852,1
ETH3D,5.899,1
ETH3D,5.944,1
ETH3D,5.970,1
ETH3D,5.981,1
ETH3D,6.003,1
ETH3D,6.034,1
ETH3D,6.041,1
ETH3D,6.094,1
ETH3D,6.098,1
ETH3D,6.165,1
ETH3D,6.174,1
ETH3D,6.182,1
ETH3D,6.242,1
ETH3D,6.271,1
ETH3D,6.306,1
ETH3D,6.361,1
ETH3D,6.384,1
ETH3D,6.443,1
ETH3D,6.445,1
ETH3D,6.479,1
ETH3D,6.533,1
ETH3D,6.688,1
ETH3D,6.689,1
ETH3D,6.727,1
ETH3D,6.735,1
ETH3D,6.891,1
ETH3D,6.943,1
ETH3D,6.962,1
ETH3D,6.996,1
ETH3D,7.052,1
ETH3D,7.069,1
ETH3D,7.071,1
ETH3D,7.092,1
ETH3D,7.105,1
ETH3D,7.109,1
ETH3D,7.126,1
ETH3D,7.130,1
ETH3D,7.158,1
ETH3D,7.181,1
ETH3D,7.188,1
ETH3D,7.219,1
ETH3D,7.225,1
ETH3D,7.247,1
ETH3D,7.325,1
ETH3D,7.404,1
ETH3D,7.435,1
ETH3D,7.461,1
ETH3D,7.477,1
ETH3D,7.481,1
ETH3D,7.510,1
ETH3D,7.592,1
ETH3D,7.627,1
ETH3D,7.666,1
ETH3D,7.685,1
ETH3D,7.692,1
ETH3D,7.734,1
ETH3D,7.779,1
ETH3D,7.808,1
ETH3D,7.853,1
ETH3D,7.888,1
ETH3D,8.035,1
ETH3D,8.152,1
ETH3D,8.266,1
ETH3D,8.359,1
ETH3D,8.600,1
ETH3D,8.675,1
ETH3D,8.794,1
ETH3D,8.867,1
ETH3D,8.897,1
ETH3D,8.946,1
ETH3D,9.052,1
ETH3D,9.107,1
ETH3D,9.127,1
ETH3D,9.164,1
ETH3D,9.193,1
ETH3D,9.214,1
ETH3D,9.223,1
ETH3D,9.226,1
ETH3D,9.270,1
ETH3D,9.297,1
ETH3D,9.344,1
ETH3D,9.595,1
ETH3D,9.666,1
ETH3D,9.886,1
ETH3D,9.944,1
ETH3D,9.955,1
ETH3D,9.971,1
ETH3D,10.090,1
ETH3D,10.186,1
ETH3D,10.201,1
ETH3D,10.239,1
ETH3D,10.245,1
ETH3D,10.288,1
ETH3D,10.600,1
ETH3D,10.699,1
ETH3D,10.724,1
ETH3D,11.180,1
ETH3D,11.275,1
ETH3D,11.343,1
ETH3D,11.370,1
ETH3D,11.429,1
ETH3D,11.693,1
ETH3D,11.698,1
ETH3D,11.758,1
ETH3D,11.788,1
ETH3D,11.842,1
ETH3D,12.001,1
ETH3D,12.229,1
ETH3D,12.253,1
ETH3D,12.357,1
ETH3D,12.401,1
ETH3D,12.562,1
ETH3D,12.638,1
ETH3D,12.695,1
ETH3D,12.942,1
ETH3D,12.979,1
ETH3D,13.057,1
ETH3D,13.186,1
ETH3D,13.299,1
ETH3D,13.309,1
ETH3D,13.373,1
ETH3D,13.492,1
ETH3D,13.645,1
ETH3D,13.682,1
ETH3D,13.765,1
ETH3D,13.860,1
ETH3D,13.984,1
ETH3D,14.004,1
ETH3D,14.025,1
ETH3D,14.027,1
ETH3D,14.037,1
ETH3D,14.071,1
ETH3D,14.097,1
ETH3D,14.124,1
ETH3D,14.197,1
ETH3D,14.267,1
ETH3D,14.273,1
ETH3D,14.343,1
ETH3D,14.363,1
ETH3D,14.516,1
ETH3D,14.756,1
ETH3D,14.868,1
ETH3D,15.145,1
ETH3D,15.241,1
ETH3D,15.259,1
ETH3D,15.312,1
ETH3D,15.368,1
ETH3D,15.439,1
ETH3D,15.537,1
ETH3D,15.541,1
ETH3D,15.691,1
ETH3D,15.784,1
ETH3D,15.953,1
ETH3D,15.968,1
ETH3D,15.976,1
ETH3D,16.186,1
ETH3D,16.437,1
ETH3D,16.482,1
ETH3D,16.511,1
ETH3D,16.517,1
ETH3D,16.556,1
ETH3D,16.557,1
ETH3D,16.605,1
ETH3D,16.610,1
ETH3D,16.627,1
ETH3D,16.673,1
ETH3D,16.699,1
ETH3D,16.719,1
ETH3D,16.725,1
ETH3D,16.824,1
ETH3D,16.827,1
ETH3D,16.898,1
ETH3D,16.930,1
ETH3D,17.063,1
ETH3D,19.504,1
ETH3D,21.406,1
GSO,0.059,1
GSO,0.086,1
GSO,0.106,1
GSO,0.109,2
GSO,0.111,1
GSO,0.114,1
GSO,0.120,1
GSO,0.123,1
GSO,0.125,1
GSO,0.127,2
GSO,0.132,1
GSO,0.133,1
GSO,0.136,2
GSO,0.137,2
GSO,0.139,2
GSO,0.140,1
GSO,0.141,2
GSO,0.142,1
GSO,0.143,1
GSO,0.144,2
GSO,0.145,1
GSO,0.146,1
GSO,0.147,1
GSO,0.148,2
GSO,0.149,1
GSO,0.153,2
GSO,0.154,1
GSO,0.156,1
GSO,0.157,1
GSO,0.160,1
GSO,0.162,1
GSO,0.163,2
GSO,0.165,3
GSO,0.167,1
GSO,0.168,1
GSO,0.169,3
GSO,0.170,1
GSO,0.172,1
GSO,0.173,1
GSO,0.175,2
GSO,0.176,2
GSO,0.179,1
GSO,0.180,2
GSO,0.182,2
GSO,0.183,1
GSO,0.184,2
GSO,0.185,1
GSO,0.186,3
GSO,0.188,5
GSO,0.189,6
GSO,0.190,2
GSO,0.191,1
GSO,0.192,3
GSO,0.194,1
GSO,0.195,2
GSO,0.196,4
GSO,0.197,1
GSO,0.198,4
GSO,0.199,2
GSO,0.200,2
GSO,0.201,1
GSO,0.202,3
GSO,0.203,3
GSO,0.205,1
GSO,0.206,1
GSO,0.208,3
GSO,0.210,1
GSO,0.211,1
GSO,0.213,3
GSO,0.214,2
GSO,0.215,2
GSO,0.216,1
GSO,0.218,1
GSO,0.219,2
GSO,0.220,1
GSO,0.221,2
GSO,0.222,1
GSO,0.223,3
GSO,0.224,1
GSO,0.225,3
GSO,0.226,4
GSO,0.227,2
GSO,0.228,4
GSO,0.229,2
GSO,0.230,1
GSO,0.232,1
GSO,0.233,4
GSO,0.234,1
GSO,0.235,1
GSO,0.236,2
GSO,0.237,1
GSO,0.238,3
GSO,0.239,3
GSO,0.242,1
GSO,0.243,1
GSO,0.245,1
GSO,0.246,2
GSO,0.247,2
GSO,0.248,1
GSO,0.249,1
GSO,0.250,1
GSO,0.253,3
GSO,0.254,1
GSO,0.255,2
GSO,0.256,2
GSO,0.257,1
GSO,0.258,5
GSO,0.259,3
GSO,0.260,3
GSO,0.261,2
GSO,0.262,1
GSO,0.263,1
GSO,0.264,3
GSO,0.265,3
GSO,0.266,2
GSO,0.268,2
GSO,0.269,1
GSO,0.270,2
GSO,0.271,3
GSO,0.272,1
GSO,0.273,1
GSO,0.274,5
GSO,0.275,2
GSO,0.276,2
GSO,0.278,3
GSO,0.279,6
GSO,0.281,2
GSO,0.282,3
GSO,0.283,2
GSO,0.284,3
GSO,0.285,1
GSO,0.286,5
GSO,0.287,1
GSO,0.288,2
GSO,0.290,3
GSO,0.292,3
GSO,0.293,1
GSO,0.294,3
GSO,0.295,2
GSO,0.296,1
GSO,0.297,2
GSO,0.298,2
GSO,0.299,2
GSO,0.300,4
GSO,0.301,2
GSO,0.302,2
GSO,0.303,4
GSO,0.304,3
GSO,0.305,6
GSO,0.306,2
GSO,0.307,2
GSO,0.308,2
GSO,0.309,4
GSO,0.312,2
GSO,0.313,1
GSO,0.314,2
GSO,0.315,1
GSO,0.316,5
GSO,0.317,4
GSO,0.318,1
GSO,0.319,1
GSO,0.320,3
GSO,0.322,2
GSO,0.323,3
GSO,0.324,1
GSO,0.325,1
GSO,0.326,4
GSO,0.327,2
GSO,0.328,2
GSO,0.329,5
GSO,0.330,2
GSO,0.331,3
GSO,0.332,2
GSO,0.333,3
GSO,0.334,4
GSO,0.335,2
GSO,0.336,1
GSO,0.337,4
GSO,0.338,1
GSO,0.339,3
GSO,0.340,3
GSO,0.341,2
GSO,0.342,1
GSO,0.344,2
GSO,0.346,1
GSO,0.347,2
GSO,0.349,4
GSO,0.350,4
GSO,0.351,2
GSO,0.352,5
GSO,0.353,3
GSO,0.354,1
GSO,0.355,4
GSO,0.356,4
GSO,0.357,4
GSO,0.358,1
GSO,0.359,1
GSO,0.360,1
GSO,0.361,2
GSO,0.362,1
GSO,0.363,2
GSO,0.364,4
GSO,0.365,2
GSO,0.366,3
GSO,0.367,1
GSO,0.368,9
GSO,0.369,4
GSO,0.370,2
GSO,0.371,2
GSO,0.372,3
GSO,0.373,2
GSO,0.374,2
GSO,0.375,2
GSO,0.376,2
GSO,0.377,3
GSO,0.378,4
GSO,0.379,1
GSO,0.380,5
GSO,0.381,1
GSO,0.382,2
GSO,0.383,1
GSO,0.384,2
GSO,0.385,1
GSO,0.386,2
GSO,0.387,2
GSO,0.388,1
GSO,0.389,3
GSO,0.390,1
GSO,0.391,4
GSO,0.392,3
GSO,0.393,1
GSO,0.394,2
GSO,0.395,1
GSO,0.396,1
GSO,0.397,4
GSO,0.400,2
GSO,0.401,2
GSO,0.402,2
GSO,0.403,5
GSO,0.404,3
GSO,0.405,1
GSO,0.406,3
GSO,0.407,5
GSO,0.408,2
GSO,0.409,3
GSO,0.410,2
GSO,0.411,3
GSO,0.412,2
GSO,0.413,2
GSO,0.414,3
GSO,0.415,4
GSO,0.417,2
GSO,0.418,3
GSO,0.419,3
GSO,0.420,3
GSO,0.421,2
GSO,0.422,2
GSO,0.423,2
GSO,0.424,3
GSO,0.425,3
GSO,0.426,4
GSO,0.428,1
GSO,0.429,3
GSO,0.430,1
GSO,0.431,3
GSO,0.432,2
GSO,0.433,3
GSO,0.434,1
GSO,0.435,2
GSO,0.436,2
GSO,0.437,1
GSO,0.438,1
GSO,0.439,1
GSO,0.440,1
GSO,0.441,1
GSO,0.442,1
GSO,0.443,2
GSO,0.444,3
GSO,0.445,2
GSO,0.446,3
GSO,0.447,1
GSO,0.448,1
GSO,0.449,1
GSO,0.450,2
GSO,0.451,2
GSO,0.452,4
GSO,0.453,7
GSO,0.454,4
GSO,0.455,2
GSO,0.456,2
GSO,0.457,2
GSO,0.458,3
GSO,0.459,2
GSO,0.460,2
GSO,0.461,3
GSO,0.462,2
GSO,0.463,2
GSO,0.464,2
GSO,0.465,1
GSO,0.466,2
GSO,0.467,2
GSO,0.468,2
GSO,0.469,1
GSO,0.470,4
GSO,0.471,1
GSO,0.472,1
GSO,0.473,2
GSO,0.474,1
GSO,0.475,3
GSO,0.479,2
GSO,0.480,2
GSO,0.482,2
GSO,0.483,2
GSO,0.484,2
GSO,0.485,2
GSO,0.486,2
GSO,0.487,1
GSO,0.488,1
GSO,0.490,1
GSO,0.491,6
GSO,0.492,2
GSO,0.493,1
GSO,0.495,1
GSO,0.496,2
GSO,0.497,1
GSO,0.498,2
GSO,0.499,3
GSO,0.500,2
GSO,0.502,2
GSO,0.503,3
GSO,0.505,3
GSO,0.506,2
GSO,0.508,3
GSO,0.509,2
GSO,0.511,3
GSO,0.512,1
GSO,0.513,4
GSO,0.514,1
GSO,0.515,2
GSO,0.516,1
GSO,0.517,1
GSO,0.518,2
GSO,0.520,1
GSO,0.521,1
GSO,0.523,2
GSO,0.524,3
GSO,0.525,1
GSO,0.526,2
GSO,0.527,2
GSO,0.529,1
GSO,0.531,3
GSO,0.532,2
GSO,0.533,1
GSO,0.534,2
GSO,0.535,2
GSO,0.536,2
GSO,0.537,1
GSO,0.538,2
GSO,0.540,2
GSO,0.541,3
GSO,0.542,3
GSO,0.543,4
GSO,0.544,1
GSO,0.545,4
GSO,0.546,1
GSO,0.547,2
GSO,0.548,1
GSO,0.549,1
GSO,0.550,2
GSO,0.551,2
GSO,0.552,2
GSO,0.554,2
GSO,0.555,4
GSO,0.556,1
GSO,0.557,2
GSO,0.561,1
GSO,0.562,1
GSO,0.563,2
GSO,0.564,1
GSO,0.565,1
GSO,0.568,2
GSO,0.569,1
GSO,0.570,1
GSO,0.571,2
GSO,0.572,1
GSO,0.573,1
GSO,0.575,1
GSO,0.577,1
GSO,0.578,2
GSO,0.579,2
GSO,0.580,3
GSO,0.581,3
GSO,0.582,2
GSO,0.584,1
GSO,0.585,1
GSO,0.587,2
GSO,0.590,4
GSO,0.591,3
GSO,0.592,1
GSO,0.594,3
GSO,0.595,2
GSO,0.596,2
GSO,0.599,1
GSO,0.600,1
GSO,0.601,2
GSO,0.602,2
GSO,0.603,1
GSO,0.604,2
GSO,0.609,2
GSO,0.610,2
GSO,0.611,1
GSO,0.612,1
GSO,0.613,1
GSO,0.616,1
GSO,0.617,3
GSO,0.618,1
GSO,0.623,1
GSO,0.624,2
GSO,0.625,1
GSO,0.626,2
GSO,0.627,1
GSO,0.629,1
GSO,0.630,2
GSO,0.631,2
GSO,0.635,2
GSO,0.636,1
GSO,0.638,2
GSO,0.640,1
GSO,0.645,1
GSO,0.646,1
GSO,0.648,2
GSO,0.650,1
GSO,0.652,2
GSO,0.655,1
GSO,0.656,1
GSO,0.658,1
GSO,0.659,1
GSO,0.661,1
GSO,0.662,2
GSO,0.663,5
GSO,0.664,1
GSO,0.665,1
GSO,0.666,1
GSO,0.669,1
GSO,0.670,2
GSO,0.671,1
GSO,0.672,1
GSO,0.673,2
GSO,0.675,2
GSO,0.680,1
GSO,0.682,1
GSO,0.685,1
GSO,0.687,2
GSO,0.689,2
GSO,0.691,1
GSO,0.692,1
GSO,0.694,1
GSO,0.695,1
GSO,0.698,1
GSO,0.699,1
GSO,0.703,2
GSO,0.704,1
GSO,0.708,1
GSO,0.709,1
GSO,0.712,1
GSO,0.714,2
GSO,0.716,1
GSO,0.718,1
GSO,0.720,1
GSO,0.721,1
GSO,0.725,1
GSO,0.728,1
GSO,0.730,1
GSO,0.731,1
GSO,0.736,2
GSO,0.737,2
GSO,0.738,3
GSO,0.743,1
GSO,0.749,1
GSO,0.750,1
GSO,0.751,1
GSO,0.754,1
GSO,0.757,1
GSO,0.759,1
GSO,0.760,1
GSO,0.762,1
GSO,0.763,1
GSO,0.764,1
GSO,0.766,1
GSO,0.767,1
GSO,0.771,1
GSO,0.774,1
GSO,0.775,1
GSO,0.781,1
GSO,0.783,1
GSO,0.790,1
GSO,0.791,1
GSO,0.799,1
GSO,0.803,1
GSO,0.808,1
GSO,0.813,1
GSO,0.825,2
GSO,0.826,2
GSO,0.833,1
GSO,0.835,1
GSO,0.838,1
GSO,0.844,1
GSO,0.851,1
GSO,0.857,1
GSO,0.861,1
GSO,0.863,2
GSO,0.864,1
GSO,0.865,1
GSO,0.878,1
GSO,0.885,1
GSO,0.888,1
GSO,0.890,1
GSO,0.891,2
GSO,0.893,1
GSO,0.897,1
GSO,0.898,1
GSO,0.906,1
GSO,0.915,1
GSO,0.917,1
GSO,0.921,1
GSO,0.923,1
GSO,0.925,1
GSO,0.935,1
GSO,0.937,2
GSO,0.942,1
GSO,0.944,1
GSO,0.954,1
GSO,0.958,1
GSO,0.959,1
GSO,0.973,1
GSO,0.982,1
GSO,1.003,1
GSO,1.017,1
GSO,1.084,1
GSO,1.094,1
GSO,1.117,1
GSO,1.143,1
GSO,1.262,1
GSO,1.394,1
HAMMER,0.427,1
HAMMER,0.448,1
HAMMER,0.457,1
HAMMER,0.461,1
HAMMER,0.465,1
HAMMER,0.466,1
HAMMER,0.467,1
HAMMER,0.468,1
HAMMER,0.472,1
HAMMER,0.480,1
HAMMER,0.481,1
HAMMER,0.486,1
HAMMER,0.488,1
HAMMER,0.489,1
HAMMER,0.493,1
HAMMER,0.497,1
HAMMER,0.499,1
HAMMER,0.501,1
HAMMER,0.504,1
HAMMER,0.509,1
HAMMER,0.511,1
HAMMER,0.519,1
HAMMER,0.529,2
HAMMER,0.530,1
HAMMER,0.535,1
HAMMER,0.537,1
HAMMER,0.546,2
HAMMER,0.549,1
HAMMER,0.551,3
HAMMER,0.552,1
HAMMER,0.553,2
HAMMER,0.555,1
HAMMER,0.557,1
HAMMER,0.561,1
HAMMER,0.562,1
HAMMER,0.564,2
HAMMER,0.565,2
HAMMER,0.568,1
HAMMER,0.569,3
HAMMER,0.577,2
HAMMER,0.578,1
HAMMER,0.579,3
HAMMER,0.580,2
HAMMER,0.581,3
HAMMER,0.582,1
HAMMER,0.584,3
HAMMER,0.586,2
HAMMER,0.587,3
HAMMER,0.588,4
HAMMER,0.589,1
HAMMER,0.590,2
HAMMER,0.591,1
HAMMER,0.592,2
HAMMER,0.593,1
HAMMER,0.594,1
HAMMER,0.595,1
HAMMER,0.596,1
HAMMER,0.598,1
HAMMER,0.599,2
HAMMER,0.600,2
HAMMER,0.601,1
HAMMER,0.604,1
HAMMER,0.605,3
HAMMER,0.606,1
HAMMER,0.607,2
HAMMER,0.608,4
HAMMER,0.610,3
HAMMER,0.612,1
HAMMER,0.613,1
HAMMER,0.614,1
HAMMER,0.615,2
HAMMER,0.616,1
HAMMER,0.618,1
HAMMER,0.619,1
HAMMER,0.620,2
HAMMER,0.621,1
HAMMER,0.623,1
HAMMER,0.626,1
HAMMER,0.628,1
HAMMER,0.629,3
HAMMER,0.631,1
HAMMER,0.632,1
HAMMER,0.634,2
HAMMER,0.635,2
HAMMER,0.636,2
HAMMER,0.637,1
HAMMER,0.639,1
HAMMER,0.641,1
HAMMER,0.642,2
HAMMER,0.643,2
HAMMER,0.644,3
HAMMER,0.646,1
HAMMER,0.648,2
HAMMER,0.649,1
HAMMER,0.650,3
HAMMER,0.651,2
HAMMER,0.652,2
HAMMER,0.653,1
HAMMER,0.656,3
HAMMER,0.657,4
HAMMER,0.658,1
HAMMER,0.659,1
HAMMER,0.661,1
HAMMER,0.662,1
HAMMER,0.663,1
HAMMER,0.664,5
HAMMER,0.666,1
HAMMER,0.667,1
HAMMER,0.669,4
HAMMER,0.670,1
HAMMER,0.671,3
HAMMER,0.672,1
HAMMER,0.675,3
HAMMER,0.676,1
HAMMER,0.677,3
HAMMER,0.678,2
HAMMER,0.679,1
HAMMER,0.680,1
HAMMER,0.681,1
HAMMER,0.682,1
HAMMER,0.683,1
HAMMER,0.684,4
HAMMER,0.685,1
HAMMER,0.687,1
HAMMER,0.688,2
HAMMER,0.689,1
HAMMER,0.691,2
HAMMER,0.692,1
HAMMER,0.693,1
HAMMER,0.696,2
HAMMER,0.697,2
HAMMER,0.698,2
HAMMER,0.703,1
HAMMER,0.705,1
HAMMER,0.706,3
HAMMER,0.707,2
HAMMER,0.708,2
HAMMER,0.709,1
HAMMER,0.711,3
HAMMER,0.712,2
HAMMER,0.713,5
HAMMER,0.714,1
HAMMER,0.715,2
HAMMER,0.716,3
HAMMER,0.717,1
HAMMER,0.718,2
HAMMER,0.719,2
HAMMER,0.720,4
HAMMER,0.721,1
HAMMER,0.722,1
HAMMER,0.724,3
HAMMER,0.725,1
HAMMER,0.726,2
HAMMER,0.727,1
HAMMER,0.728,4
HAMMER,0.729,3
HAMMER,0.730,3
HAMMER,0.731,3
HAMMER,0.732,4
HAMMER,0.733,2
HAMMER,0.734,2
HAMMER,0.735,3
HAMMER,0.736,2
HAMMER,0.737,3
HAMMER,0.738,3
HAMMER,0.739,2
HAMMER,0.740,5
HAMMER,0.741,2
HAMMER,0.742,3
HAMMER,0.743,3
HAMMER,0.744,3
HAMMER,0.745,2
HAMMER,0.746,1
HAMMER,0.747,6
HAMMER,0.748,4
HAMMER,0.749,3
HAMMER,0.750,3
HAMMER,0.751,4
HAMMER,0.752,2
HAMMER,0.753,3
HAMMER,0.754,4
HAMMER,0.755,3
HAMMER,0.756,3
HAMMER,0.757,1
HAMMER,0.758,3
HAMMER,0.759,3
HAMMER,0.760,1
HAMMER,0.761,3
HAMMER,0.762,1
HAMMER,0.763,2
HAMMER,0.764,1
HAMMER,0.765,6
HAMMER,0.766,3
HAMMER,0.767,1
HAMMER,0.768,4
HAMMER,0.769,1
HAMMER,0.770,3
HAMMER,0.771,1
HAMMER,0.772,2
HAMMER,0.773,4
HAMMER,0.774,2
HAMMER,0.775,1
HAMMER,0.776,4
HAMMER,0.778,2
HAMMER,0.780,3
HAMMER,0.781,1
HAMMER,0.782,1
HAMMER,0.783,1
HAMMER,0.784,1
HAMMER,0.785,3
HAMMER,0.787,1
HAMMER,0.788,1
HAMMER,0.789,2
HAMMER,0.790,3
HAMMER,0.791,1
HAMMER,0.792,4
HAMMER,0.794,2
HAMMER,0.795,5
HAMMER,0.796,4
HAMMER,0.797,6
HAMMER,0.798,3
HAMMER,0.799,2
HAMMER,0.800,3
HAMMER,0.801,3
HAMMER,0.802,1
HAMMER,0.803,1
HAMMER,0.804,5
HAMMER,0.805,3
HAMMER,0.806,4
HAMMER,0.807,3
HAMMER,0.808,2
HAMMER,0.809,1
HAMMER,0.810,4
HAMMER,0.811,4
HAMMER,0.812,4
HAMMER,0.813,1
HAMMER,0.814,4
HAMMER,0.815,2
HAMMER,0.816,5
HAMMER,0.817,5
HAMMER,0.818,1
HAMMER,0.819,3
HAMMER,0.820,8
HAMMER,0.821,2
HAMMER,0.822,6
HAMMER,0.823,5
HAMMER,0.824,9
HAMMER,0.825,2
HAMMER,0.826,1
HAMMER,0.827,2
HAMMER,0.828,7
HAMMER,0.829,3
HAMMER,0.830,2
HAMMER,0.831,3
HAMMER,0.832,3
HAMMER,0.834,1
HAMMER,0.835,1
HAMMER,0.836,3
HAMMER,0.837,4
HAMMER,0.838,2
HAMMER,0.839,3
HAMMER,0.840,3
HAMMER,0.841,3
HAMMER,0.842,3
HAMMER,0.843,1
HAMMER,0.844,1
HAMMER,0.845,2
HAMMER,0.846,1
HAMMER,0.847,4
HAMMER,0.849,4
HAMMER,0.850,2
HAMMER,0.851,5
HAMMER,0.852,4
HAMMER,0.853,4
HAMMER,0.854,2
HAMMER,0.855,4
HAMMER,0.856,3
HAMMER,0.857,2
HAMMER,0.858,3
HAMMER,0.859,3
HAMMER,0.860,1
HAMMER,0.861,3
HAMMER,0.862,4
HAMMER,0.863,3
HAMMER,0.864,2
HAMMER,0.866,2
HAMMER,0.867,4
HAMMER,0.868,1
HAMMER,0.869,1
HAMMER,0.870,2
HAMMER,0.872,3
HAMMER,0.873,2
HAMMER,0.874,4
HAMMER,0.875,5
HAMMER,0.876,1
HAMMER,0.877,3
HAMMER,0.878,1
HAMMER,0.879,1
HAMMER,0.880,2
HAMMER,0.883,1
HAMMER,0.884,1
HAMMER,0.886,1
HAMMER,0.887,1
HAMMER,0.889,1
HAMMER,0.891,1
HAMMER,0.892,3
HAMMER,0.893,1
HAMMER,0.896,1
HAMMER,0.899,1
HAMMER,0.902,1
HAMMER,0.903,1
HAMMER,0.904,1
HAMMER,0.907,1
HAMMER,0.909,1
HAMMER,0.913,1
HAMMER,1.008,1
HAMMER,1.023,1
HAMMER,1.025,1
HAMMER,1.039,1
HAMMER,1.050,1
HAMMER,1.052,1
HAMMER,1.056,1
HAMMER,1.060,1
HAMMER,1.065,3
HAMMER,1.068,1
HAMMER,1.069,2
HAMMER,1.070,2
HAMMER,1.074,1
HAMMER,1.078,1
HAMMER,1.079,1
HAMMER,1.080,2
HAMMER,1.083,1
HAMMER,1.086,2
HAMMER,1.087,1
HAMMER,1.094,2
HAMMER,1.095,1
HAMMER,1.103,2
HAMMER,1.104,1
HAMMER,1.105,1
HAMMER,1.109,1
HAMMER,1.111,1
HAMMER,1.113,1
HAMMER,1.114,2
HAMMER,1.116,2
HAMMER,1.118,1
HAMMER,1.122,1
HAMMER,1.123,2
HAMMER,1.124,1
HAMMER,1.126,1
HAMMER,1.129,2
HAMMER,1.130,2
HAMMER,1.131,1
HAMMER,1.132,1
HAMMER,1.133,1
HAMMER,1.134,2
HAMMER,1.135,1
HAMMER,1.136,5
HAMMER,1.137,2
HAMMER,1.138,2
HAMMER,1.139,1
HAMMER,1.143,2
HAMMER,1.145,1
HAMMER,1.146,1
HAMMER,1.148,2
HAMMER,1.149,2
HAMMER,1.150,1
HAMMER,1.151,4
HAMMER,1.152,3
HAMMER,1.162,1
HAMMER,1.165,1
HAMMER,1.168,1
HAMMER,1.170,1
HAMMER,1.172,1
HAMMER,1.175,3
HAMMER,1.176,2
HAMMER,1.177,1
HAMMER,1.181,1
HAMMER,1.188,1
HAMMER,1.200,1
HAMMER,1.226,1
HAMMER,1.235,1
KITTI,5.431,1
KITTI,6.180,1
KITTI,7.000,1
KITTI,7.993,1
KITTI,7.998,1
KITTI,8.051,1
KITTI,8.132,1
KITTI,8.150,1
KITTI,8.159,1
KITTI,8.278,1
KITTI,8.283,1
KITTI,8.388,1
KITTI,8.432,1
KITTI,8.465,1
KITTI,8.512,1
KITTI,8.569,1
KITTI,8.665,1
KITTI,8.742,1
KITTI,8.983,1
KITTI,9.320,1
KITTI,9.556,1
KITTI,9.622,1
KITTI,9.667,1
KITTI,9.705,1
KITTI,9.722,1
KITTI,9.743,1
KITTI,9.765,1
KITTI,9.785,1
KITTI,9.836,1
KITTI,10.200,1
KITTI,10.236,1
KITTI,10.350,1
KITTI,10.700,1
KITTI,10.732,1
KITTI,10.833,1
KITTI,10.878,1
KITTI,10.991,1
KITTI,10.994,1
KITTI,11.007,1
KITTI,11.024,1
KITTI,11.127,1
KITTI,11.157,1
KITTI,11.216,1
KITTI,11.296,1
KITTI,11.327,1
KITTI,11.331,1
KITTI,11.485,1
KITTI,11.502,1
KITTI,11.519,1
KITTI,11.563,1
KITTI,11.675,1
KITTI,11.753,1
KITTI,11.782,1
KITTI,11.809,1
KITTI,11.883,1
KITTI,12.063,1
KITTI,12.085,1
KITTI,12.106,1
KITTI,12.198,1
KITTI,12.265,1
KITTI,12.287,1
KITTI,12.393,1
KITTI,12.436,1
KITTI,12.483,1
KITTI,12.489,1
KITTI,12.508,1
KITTI,12.520,1
KITTI,12.561,1
KITTI,12.565,1
KITTI,12.615,1
KITTI,12.629,1
KITTI,12.692,1
KITTI,12.775,1
KITTI,12.809,1
KITTI,12.823,2
KITTI,12.836,1
KITTI,12.848,1
KITTI,12.850,1
KITTI,12.862,1
KITTI,12.885,1
KITTI,12.899,1
KITTI,12.925,1
KITTI,12.943,1
KITTI,12.971,1
KITTI,12.987,1
KITTI,13.006,1
KITTI,13.029,1
KITTI,13.039,1
KITTI,13.048,1
KITTI,13.051,1
KITTI,13.135,1
KITTI,13.144,1
KITTI,13.195,1
KITTI,13.200,1
KITTI,13.221,1
KITTI,13.229,1
KITTI,13.243,1
KITTI,13.248,1
KITTI,13.261,1
KITTI,13.266,1
KITTI,13.282,1
KITTI,13.342,1
KITTI,13.372,1
KITTI,13.402,1
KITTI,13.435,1
KITTI,13.438,1
KITTI,13.458,1
KITTI,13.464,1
KITTI,13.471,1
KITTI,13.474,1
KITTI,13.482,1
KITTI,13.490,1
KITTI,13.498,1
KITTI,13.507,1
KITTI,13.509,1
KITTI,13.511,1
KITTI,13.519,1
KITTI,13.554,1
KITTI,13.566,1
KITTI,13.575,1
KITTI,13.577,2
KITTI,13.585,1
KITTI,13.623,1
KITTI,13.669,1
KITTI,13.671,1
KITTI,13.678,2
KITTI,13.687,1
KITTI,13.692,1
KITTI,13.693,1
KITTI,13.736,1
KITTI,13.782,1
KITTI,13.786,1
KITTI,13.813,1
KITTI,13.845,1
KITTI,13.865,1
KITTI,13.884,1
KITTI,13.927,1
KITTI,13.935,1
KITTI,13.940,1
KITTI,13.948,1
KITTI,13.950,1
KITTI,13.956,1
KITTI,13.969,1
KITTI,13.982,1
KITTI,13.987,1
KITTI,13.999,1
KITTI,14.000,1
KITTI,14.009,1
KITTI,14.016,1
KITTI,14.028,1
KITTI,14.051,1
KITTI,14.062,1
KITTI,14.068,1
KITTI,14.080,1
KITTI,14.134,1
KITTI,14.137,1
KITTI,14.147,2
KITTI,14.150,1
KITTI,14.161,1
KITTI,14.204,1
KITTI,14.205,1
KITTI,14.209,1
KITTI,14.235,1
KITTI,14.238,1
KITTI,14.259,1
KITTI,14.263,1
KITTI,14.264,1
KITTI,14.281,1
KITTI,14.309,1
KITTI,14.337,1
KITTI,14.340,1
KITTI,14.342,1
KITTI,14.345,1
KITTI,14.347,1
KITTI,14.351,1
KITTI,14.357,1
KITTI,14.374,1
KITTI,14.377,1
KITTI,14.413,1
KITTI,14.438,1
KITTI,14.456,2
KITTI,14.457,1
KITTI,14.461,1
KITTI,14.463,1
KITTI,14.468,1
KITTI,14.476,1
KITTI,14.512,1
KITTI,14.518,1
KITTI,14.527,1
KITTI,14.532,1
KITTI,14.545,1
KITTI,14.547,1
KITTI,14.552,1
KITTI,14.572,1
KITTI,14.594,1
KITTI,14.595,1
KITTI,14.599,1
KITTI,14.604,1
KITTI,14.611,1
KITTI,14.643,1
KITTI,14.649,1
KITTI,14.655,1
KITTI,14.658,1
KITTI,14.688,1
KITTI,14.696,1
KITTI,14.703,1
KITTI,14.713,1
KITTI,14.726,2
KITTI,14.742,1
KITTI,14.743,1
KITTI,14.766,1
KITTI,14.776,1
KITTI,14.777,1
KITTI,14.780,1
KITTI,14.785,1
KITTI,14.786,1
KITTI,14.802,1
KITTI,14.803,1
KITTI,14.809,1
KITTI,14.815,1
KITTI,14.820,1
KITTI,14.822,1
KITTI,14.840,1
KITTI,14.862,1
KITTI,14.869,1
KITTI,14.896,1
KITTI,14.897,1
KITTI,14.905,1
KITTI,14.916,1
KITTI,14.917,1
KITTI,14.923,1
KITTI,14.936,1
KITTI,14.948,1
KITTI,14.950,1
KITTI,14.951,1
KITTI,14.961,1
KITTI,14.976,1
KITTI,14.979,1
KITTI,14.989,1
KITTI,14.992,1
KITTI,14.998,1
KITTI,15.012,1
KITTI,15.024,1
KITTI,15.030,1
KITTI,15.045,1
KITTI,15.061,1
KITTI,15.062,1
KITTI,15.071,1
KITTI,15.078,1
KITTI,15.079,1
KITTI,15.093,1
KITTI,15.112,1
KITTI,15.159,1
KITTI,15.163,1
KITTI,15.175,1
KITTI,15.183,1
KITTI,15.194,1
KITTI,15.233,1
KITTI,15.239,1
KITTI,15.244,1
KITTI,15.251,1
KITTI,15.256,1
KITTI,15.258,1
KITTI,15.281,1
KITTI,15.299,1
KITTI,15.341,1
KITTI,15.345,1
KITTI,15.347,1
KITTI,15.386,1
KITTI,15.387,1
KITTI,15.397,1
KITTI,15.398,1
KITTI,15.400,1
KITTI,15.402,1
KITTI,15.404,1
KITTI,15.407,1
KITTI,15.415,1
KITTI,15.418,2
KITTI,15.421,1
KITTI,15.456,1
KITTI,15.463,1
KITTI,15.467,1
KITTI,15.471,1
KITTI,15.480,1
KITTI,15.483,1
KITTI,15.484,1
KITTI,15.489,1
KITTI,15.491,1
KITTI,15.492,1
KITTI,15.497,1
KITTI,15.510,1
KITTI,15.514,1
KITTI,15.557,1
KITTI,15.562,1
KITTI,15.572,1
KITTI,15.575,1
KITTI,15.582,2
KITTI,15.594,1
KITTI,15.602,1
KITTI,15.606,1
KITTI,15.610,1
KITTI,15.615,1
KITTI,15.616,1
KITTI,15.629,1
KITTI,15.635,1
KITTI,15.637,1
KITTI,15.643,1
KITTI,15.649,1
KITTI,15.661,1
KITTI,15.684,1
KITTI,15.686,1
KITTI,15.687,1
KITTI,15.688,1
KITTI,15.696,1
KITTI,15.710,1
KITTI,15.716,1
KITTI,15.720,1
KITTI,15.731,1
KITTI,15.739,1
KITTI,15.740,1
KITTI,15.752,1
KITTI,15.753,1
KITTI,15.759,1
KITTI,15.763,1
KITTI,15.768,1
KITTI,15.778,1
KITTI,15.785,1
KITTI,15.786,1
KITTI,15.792,1
KITTI,15.799,1
KITTI,15.808,1
KITTI,15.809,1
KITTI,15.820,2
KITTI,15.829,2
KITTI,15.842,1
KITTI,15.847,1
KITTI,15.868,1
KITTI,15.874,1
KITTI,15.905,1
KITTI,15.907,2
KITTI,15.923,1
KITTI,15.938,1
KITTI,15.947,1
KITTI,15.967,1
KITTI,15.975,1
KITTI,15.991,1
KITTI,15.992,2
KITTI,16.008,1
KITTI,16.011,1
KITTI,16.042,1
KITTI,16.061,1
KITTI,16.079,1
KITTI,16.086,1
KITTI,16.101,1
KITTI,16.105,1
KITTI,16.115,1
KITTI,16.122,1
KITTI,16.125,1
KITTI,16.127,1
KITTI,16.143,1
KITTI,16.145,1
KITTI,16.159,1
KITTI,16.164,1
KITTI,16.177,1
KITTI,16.188,1
KITTI,16.189,1
KITTI,16.192,2
KITTI,16.196,1
KITTI,16.202,1
KITTI,16.205,1
KITTI,16.223,1
KITTI,16.224,1
KITTI,16.231,1
KITTI,16.239,1
KITTI,16.240,1
KITTI,16.254,1
KITTI,16.259,1
KITTI,16.274,1
KITTI,16.330,1
KITTI,16.341,2
KITTI,16.352,1
KITTI,16.355,1
KITTI,16.361,1
KITTI,16.364,1
KITTI,16.366,1
KITTI,16.369,1
KITTI,16.386,1
KITTI,16.398,1
KITTI,16.402,2
KITTI,16.414,1
KITTI,16.457,1
KITTI,16.477,1
KITTI,16.490,1
KITTI,16.496,1
KITTI,16.499,1
KITTI,16.522,1
KITTI,16.527,1
KITTI,16.531,1
KITTI,16.540,1
KITTI,16.542,1
KITTI,16.573,1
KITTI,16.577,2
KITTI,16.591,1
KITTI,16.594,1
KITTI,16.599,1
KITTI,16.606,1
KITTI,16.615,1
KITTI,16.622,2
KITTI,16.628,2
KITTI,16.652,1
KITTI,16.665,1
KITTI,16.674,1
KITTI,16.681,1
KITTI,16.694,1
KITTI,16.700,1
KITTI,16.704,1
KITTI,16.716,1
KITTI,16.724,1
KITTI,16.744,1
KITTI,16.749,1
KITTI,16.753,2
KITTI,16.755,1
KITTI,16.768,1
KITTI,16.776,1
KITTI,16.779,1
KITTI,16.780,1
KITTI,16.787,1
KITTI,16.803,1
KITTI,16.809,1
KITTI,16.824,1
KITTI,16.853,1
KITTI,16.859,1
KITTI,16.874,1
KITTI,16.882,1
KITTI,16.891,1
KITTI,16.893,1
KITTI,16.896,2
KITTI,16.903,1
KITTI,16.937,1
KITTI,16.951,1
KITTI,16.966,1
KITTI,16.972,1
KITTI,16.991,1
KITTI,17.007,1
KITTI,17.016,1
KITTI,17.029,1
KITTI,17.034,1
KITTI,17.036,1
KITTI,17.037,1
KITTI,17.041,1
KITTI,17.044,1
KITTI,17.069,1
KITTI,17.071,1
KITTI,17.083,1
KITTI,17.102,1
KITTI,17.109,1
KITTI,17.142,1
KITTI,17.143,1
KITTI,17.165,1
KITTI,17.169,1
KITTI,17.192,1
KITTI,17.194,1
KITTI,17.215,1
KITTI,17.234,1
KITTI,17.256,1
KITTI,17.326,1
KITTI,17.404,1
KITTI,17.418,1
KITTI,17.438,1
KITTI,17.441,1
KITTI,17.464,1
KITTI,17.485,1
KITTI,17.500,1
KITTI,17.515,1
KITTI,17.543,1
KITTI,17.546,1
KITTI,17.552,1
KITTI,17.568,1
KITTI,17.586,1
KITTI,17.589,1
KITTI,17.607,1
KITTI,17.609,1
KITTI,17.624,1
KITTI,17.636,1
KITTI,17.642,1
KITTI,17.658,1
KITTI,17.660,1
KITTI,17.672,1
KITTI,17.693,1
KITTI,17.695,1
KITTI,17.709,1
KITTI,17.724,1
KITTI,17.754,1
KITTI,17.767,1
KITTI,17.774,1
KITTI,17.795,1
KITTI,17.825,1
KITTI,17.848,1
KITTI,17.853,1
KITTI,17.884,1
KITTI,17.900,1
KITTI,17.909,1
KITTI,17.910,1
KITTI,17.913,1
KITTI,17.922,1
KITTI,17.950,1
KITTI,17.967,1
KITTI,17.974,1
KITTI,17.977,1
KITTI,17.982,1
KITTI,17.989,1
KITTI,18.002,1
KITTI,18.015,1
KITTI,18.016,1
KITTI,18.022,1
KITTI,18.035,1
KITTI,18.040,1
KITTI,18.052,2
KITTI,18.060,1
KITTI,18.095,1
KITTI,18.098,1
KITTI,18.109,1
KITTI,18.113,1
KITTI,18.130,1
KITTI,18.138,1
KITTI,18.153,1
KITTI,18.155,1
KITTI,18.167,2
KITTI,18.171,1
KITTI,18.198,1
KITTI,18.220,1
KITTI,18.223,1
KITTI,18.226,1
KITTI,18.231,1
KITTI,18.240,1
KITTI,18.258,1
KITTI,18.296,1
KITTI,18.331,1
KITTI,18.353,1
KITTI,18.374,1
KITTI,18.391,1
KITTI,18.396,1
KITTI,18.413,1
KITTI,18.477,1
KITTI,18.486,1
KITTI,18.501,1
KITTI,18.503,1
KITTI,18.512,1
KITTI,18.554,1
KITTI,18.567,1
KITTI,18.572,1
KITTI,18.613,1
KITTI,18.628,1
KITTI,18.642,1
KITTI,18.646,1
KITTI,18.649,1
KITTI,18.670,1
KITTI,18.674,1
KITTI,18.678,1
KITTI,18.681,1
KITTI,18.689,1
KITTI,18.733,1
KITTI,18.762,1
KITTI,18.774,1
KITTI,18.779,1
KITTI,18.796,1
KITTI,18.801,1
KITTI,18.832,1
KITTI,18.891,1
KITTI,18.909,1
KITTI,18.914,1
KITTI,18.925,1
KITTI,18.926,1
KITTI,18.939,1
KITTI,18.940,1
KITTI,19.005,1
KITTI,19.044,1
KITTI,19.069,1
KITTI,19.086,1
KITTI,19.102,1
KITTI,19.127,1
KITTI,19.248,1
KITTI,19.315,1
KITTI,19.349,1
KITTI,19.376,1
KITTI,19.383,1
KITTI,19.525,1
KITTI,19.537,1
KITTI,19.549,1
KITTI,19.665,1
KITTI,19.720,1
KITTI,19.728,1
KITTI,19.748,1
KITTI,19.764,1
KITTI,19.792,1
KITTI,19.843,1
KITTI,19.883,1
KITTI,19.908,1
KITTI,19.950,1
KITTI,20.031,1
KITTI,20.055,1
KITTI,20.180,1
KITTI,20.247,1
KITTI,20.315,1
KITTI,20.348,1
KITTI,20.392,1
KITTI,20.554,1
KITTI,20.714,1
KITTI,20.879,1
KITTI,20.980,1
KITTI,21.022,1
KITTI,21.091,1
KITTI,21.093,1
KITTI,21.212,1
KITTI,21.322,1
KITTI,21.353,1
KITTI,21.365,1
KITTI,21.419,1
KITTI,21.526,1
KITTI,21.605,1
KITTI,22.009,1
KITTI,22.212,1
KITTI,22.313,1
KITTI,23.058,1
KITTI,23.124,1
KITTI,23.676,1
KITTI,27.622,1
KITTI,27.757,1
KITTI,29.283,1
KITTI,32.544,1
NYUv2,1.039,1
NYUv2,1.046,1
NYUv2,1.086,1
NYUv2,1.103,1
NYUv2,1.142,1
NYUv2,1.188,1
NYUv2,1.293,1
NYUv2,1.314,1
NYUv2,1.334,1
NYUv2,1.336,1
NYUv2,1.349,1
NYUv2,1.363,1
NYUv2,1.394,1
NYUv2,1.416,1
NYUv2,1.434,1
NYUv2,1.446,1
NYUv2,1.466,1
NYUv2,1.479,1
NYUv2,1.482,1
NYUv2,1.495,1
NYUv2,1.501,1
NYUv2,1.505,1
NYUv2,1.509,1
NYUv2,1.516,1
NYUv2,1.526,1
NYUv2,1.534,1
NYUv2,1.552,1
NYUv2,1.559,1
NYUv2,1.560,1
NYUv2,1.571,1
NYUv2,1.572,2
NYUv2,1.577,2
NYUv2,1.582,1
NYUv2,1.595,1
NYUv2,1.625,3
NYUv2,1.626,1
NYUv2,1.628,1
NYUv2,1.630,1
NYUv2,1.644,1
NYUv2,1.648,2
NYUv2,1.655,1
NYUv2,1.661,2
NYUv2,1.681,1
NYUv2,1.688,1
NYUv2,1.689,1
NYUv2,1.698,1
NYUv2,1.703,1
NYUv2,1.711,1
NYUv2,1.712,1
NYUv2,1.723,1
NYUv2,1.725,1
NYUv2,1.738,1
NYUv2,1.740,1
NYUv2,1.742,1
NYUv2,1.753,1
NYUv2,1.754,1
NYUv2,1.755,1
NYUv2,1.762,1
NYUv2,1.765,1
NYUv2,1.774,1
NYUv2,1.775,1
NYUv2,1.777,1
NYUv2,1.783,1
NYUv2,1.800,1
NYUv2,1.803,1
NYUv2,1.811,1
NYUv2,1.812,1
NYUv2,1.813,1
NYUv2,1.827,1
NYUv2,1.829,1
NYUv2,1.833,1
NYUv2,1.838,1
NYUv2,1.844,1
NYUv2,1.847,1
NYUv2,1.848,1
NYUv2,1.855,1
NYUv2,1.863,1
NYUv2,1.869,1
NYUv2,1.874,1
NYUv2,1.876,1
NYUv2,1.878,1
NYUv2,1.881,1
NYUv2,1.882,1
NYUv2,1.883,1
NYUv2,1.884,1
NYUv2,1.885,1
NYUv2,1.889,1
NYUv2,1.893,1
NYUv2,1.894,1
NYUv2,1.896,1
NYUv2,1.900,1
NYUv2,1.904,1
NYUv2,1.905,1
NYUv2,1.909,1
NYUv2,1.914,1
NYUv2,1.923,1
NYUv2,1.926,1
NYUv2,1.931,2
NYUv2,1.933,1
NYUv2,1.935,1
NYUv2,1.936,1
NYUv2,1.938,1
NYUv2,1.939,1
NYUv2,1.940,1
NYUv2,1.949,1
NYUv2,1.951,2
NYUv2,1.953,3
NYUv2,1.958,1
NYUv2,1.961,1
NYUv2,1.964,1
NYUv2,1.968,1
NYUv2,1.972,1
NYUv2,1.973,1
NYUv2,1.978,1
NYUv2,1.981,1
NYUv2,1.984,1
NYUv2,1.985,1
NYUv2,1.990,2
NYUv2,1.997,1
NYUv2,2.012,1
NYUv2,2.013,1
NYUv2,2.017,1
NYUv2,2.019,2
NYUv2,2.021,1
NYUv2,2.045,1
NYUv2,2.078,1
NYUv2,2.081,2
NYUv2,2.089,1
NYUv2,2.095,2
NYUv2,2.098,1
NYUv2,2.100,1
NYUv2,2.102,1
NYUv2,2.108,1
NYUv2,2.109,1
NYUv2,2.112,1
NYUv2,2.114,1
NYUv2,2.117,2
NYUv2,2.120,2
NYUv2,2.121,1
NYUv2,2.123,2
NYUv2,2.127,1
NYUv2,2.129,1
NYUv2,2.130,1
NYUv2,2.135,1
NYUv2,2.139,1
NYUv2,2.141,1
NYUv2,2.144,1
NYUv2,2.145,2
NYUv2,2.147,1
NYUv2,2.155,1
NYUv2,2.158,1
NYUv2,2.166,1
NYUv2,2.168,1
NYUv2,2.170,1
NYUv2,2.178,1
NYUv2,2.184,1
NYUv2,2.187,1
NYUv2,2.190,1
NYUv2,2.191,1
NYUv2,2.193,1
NYUv2,2.207,3
NYUv2,2.214,1
NYUv2,2.215,2
NYUv2,2.224,1
NYUv2,2.233,1
NYUv2,2.235,2
NYUv2,2.241,1
NYUv2,2.248,2
NYUv2,2.249,1
NYUv2,2.252,1
NYUv2,2.255,1
NYUv2,2.256,1
NYUv2,2.257,2
NYUv2,2.259,1
NYUv2,2.267,1
NYUv2,2.268,1
NYUv2,2.271,1
NYUv2,2.272,1
NYUv2,2.274,1
NYUv2,2.276,1
NYUv2,2.282,1
NYUv2,2.290,1
NYUv2,2.293,1
NYUv2,2.295,1
NYUv2,2.298,1
NYUv2,2.299,1
NYUv2,2.300,2
NYUv2,2.303,1
NYUv2,2.305,1
NYUv2,2.308,1
NYUv2,2.318,1
NYUv2,2.321,1
NYUv2,2.333,1
NYUv2,2.335,1
NYUv2,2.336,1
NYUv2,2.338,1
NYUv2,2.340,1
NYUv2,2.344,1
NYUv2,2.347,1
NYUv2,2.352,1
NYUv2,2.356,1
NYUv2,2.360,2
NYUv2,2.363,1
NYUv2,2.370,1
NYUv2,2.376,1
NYUv2,2.379,1
NYUv2,2.381,1
NYUv2,2.383,1
NYUv2,2.384,2
NYUv2,2.385,1
NYUv2,2.387,2
NYUv2,2.390,1
NYUv2,2.393,1
NYUv2,2.396,1
NYUv2,2.397,1
NYUv2,2.398,1
NYUv2,2.400,1
NYUv2,2.403,2
NYUv2,2.404,1
NYUv2,2.408,2
NYUv2,2.409,1
NYUv2,2.412,1
NYUv2,2.414,1
NYUv2,2.416,2
NYUv2,2.417,4
NYUv2,2.422,1
NYUv2,2.424,1
NYUv2,2.429,1
NYUv2,2.433,3
NYUv2,2.435,1
NYUv2,2.436,1
NYUv2,2.440,1
NYUv2,2.441,1
NYUv2,2.442,2
NYUv2,2.450,1
NYUv2,2.452,1
NYUv2,2.453,1
NYUv2,2.455,1
NYUv2,2.457,1
NYUv2,2.463,1
NYUv2,2.465,1
NYUv2,2.473,1
NYUv2,2.476,1
NYUv2,2.477,2
NYUv2,2.484,2
NYUv2,2.486,2
NYUv2,2.489,1
NYUv2,2.490,1
NYUv2,2.494,2
NYUv2,2.497,1
NYUv2,2.498,1
NYUv2,2.499,1
NYUv2,2.502,1
NYUv2,2.507,1
NYUv2,2.508,1
NYUv2,2.510,3
NYUv2,2.511,1
NYUv2,2.513,1
NYUv2,2.515,1
NYUv2,2.522,2
NYUv2,2.524,1
NYUv2,2.525,2
NYUv2,2.526,2
NYUv2,2.527,1
NYUv2,2.528,1
NYUv2,2.531,1
NYUv2,2.534,1
NYUv2,2.536,3
NYUv2,2.537,1
NYUv2,2.538,1
NYUv2,2.539,1
NYUv2,2.542,1
NYUv2,2.552,1
NYUv2,2.553,1
NYUv2,2.554,2
NYUv2,2.555,1
NYUv2,2.558,1
NYUv2,2.564,3
NYUv2,2.565,2
NYUv2,2.566,2
NYUv2,2.569,1
NYUv2,2.570,2
NYUv2,2.571,2
NYUv2,2.572,1
NYUv2,2.587,1
NYUv2,2.591,1
NYUv2,2.596,1
NYUv2,2.599,1
NYUv2,2.600,2
NYUv2,2.605,1
NYUv2,2.606,2
NYUv2,2.608,1
NYUv2,2.609,2
NYUv2,2.612,1
NYUv2,2.613,1
NYUv2,2.614,2
NYUv2,2.615,1
NYUv2,2.617,2
NYUv2,2.618,1
NYUv2,2.622,1
NYUv2,2.627,1
NYUv2,2.628,1
NYUv2,2.633,1
NYUv2,2.634,1
NYUv2,2.635,1
NYUv2,2.637,2
NYUv2,2.642,1
NYUv2,2.644,1
NYUv2,2.650,1
NYUv2,2.652,1
NYUv2,2.653,1
NYUv2,2.654,1
NYUv2,2.660,2
NYUv2,2.662,1
NYUv2,2.665,1
NYUv2,2.666,2
NYUv2,2.667,1
NYUv2,2.668,1
NYUv2,2.669,1
NYUv2,2.674,1
NYUv2,2.676,1
NYUv2,2.677,1
NYUv2,2.680,1
NYUv2,2.681,1
NYUv2,2.685,1
NYUv2,2.687,1
NYUv2,2.690,1
NYUv2,2.691,1
NYUv2,2.693,1
NYUv2,2.696,1
NYUv2,2.697,1
NYUv2,2.698,1
NYUv2,2.699,1
NYUv2,2.704,2
NYUv2,2.709,2
NYUv2,2.710,2
NYUv2,2.719,1
NYUv2,2.720,1
NYUv2,2.721,1
NYUv2,2.724,1
NYUv2,2.726,1
NYUv2,2.736,1
NYUv2,2.737,1
NYUv2,2.751,2
NYUv2,2.752,2
NYUv2,2.753,2
NYUv2,2.754,1
NYUv2,2.757,1
NYUv2,2.760,1
NYUv2,2.763,1
NYUv2,2.766,1
NYUv2,2.768,1
NYUv2,2.769,1
NYUv2,2.770,2
NYUv2,2.778,1
NYUv2,2.779,2
NYUv2,2.781,1
NYUv2,2.791,1
NYUv2,2.792,1
NYUv2,2.805,2
NYUv2,2.809,1
NYUv2,2.810,1
NYUv2,2.816,1
NYUv2,2.818,1
NYUv2,2.820,2
NYUv2,2.823,2
NYUv2,2.826,1
NYUv2,2.829,1
NYUv2,2.832,1
NYUv2,2.835,1
NYUv2,2.842,1
NYUv2,2.844,1
NYUv2,2.846,1
NYUv2,2.847,2
NYUv2,2.848,1
NYUv2,2.860,1
NYUv2,2.862,2
NYUv2,2.865,2
NYUv2,2.866,1
NYUv2,2.867,1
NYUv2,2.868,2
NYUv2,2.869,1
NYUv2,2.873,1
NYUv2,2.874,1
NYUv2,2.876,1
NYUv2,2.877,2
NYUv2,2.878,1
NYUv2,2.882,1
NYUv2,2.889,3
NYUv2,2.890,1
NYUv2,2.893,1
NYUv2,2.896,2
NYUv2,2.899,1
NYUv2,2.901,2
NYUv2,2.908,1
NYUv2,2.909,1
NYUv2,2.910,1
NYUv2,2.923,1
NYUv2,2.928,1
NYUv2,2.929,1
NYUv2,2.930,1
NYUv2,2.931,2
NYUv2,2.933,1
NYUv2,2.938,2
NYUv2,2.940,1
NYUv2,2.947,2
NYUv2,2.949,2
NYUv2,2.954,1
NYUv2,2.957,1
NYUv2,2.963,2
NYUv2,2.964,1
NYUv2,2.965,1
NYUv2,2.967,2
NYUv2,2.972,1
NYUv2,2.975,1
NYUv2,2.980,1
NYUv2,2.982,1
NYUv2,2.985,1
NYUv2,2.990,1
NYUv2,2.992,1
NYUv2,2.993,1
NYUv2,2.995,1
NYUv2,2.999,1
NYUv2,3.003,1
NYUv2,3.004,2
NYUv2,3.017,1
NYUv2,3.018,2
NYUv2,3.023,1
NYUv2,3.026,1
NYUv2,3.027,2
NYUv2,3.031,1
NYUv2,3.033,1
NYUv2,3.035,2
NYUv2,3.037,1
NYUv2,3.041,1
NYUv2,3.042,1
NYUv2,3.044,1
NYUv2,3.045,1
NYUv2,3.046,1
NYUv2,3.047,1
NYUv2,3.049,1
NYUv2,3.054,1
NYUv2,3.060,1
NYUv2,3.061,2
NYUv2,3.062,1
NYUv2,3.064,1
NYUv2,3.068,1
NYUv2,3.069,1
NYUv2,3.074,2
NYUv2,3.075,1
NYUv2,3.076,1
NYUv2,3.077,1
NYUv2,3.084,1
NYUv2,3.088,1
NYUv2,3.091,1
NYUv2,3.093,2
NYUv2,3.094,1
NYUv2,3.104,2
NYUv2,3.108,1
NYUv2,3.111,1
NYUv2,3.112,1
NYUv2,3.116,1
NYUv2,3.117,1
NYUv2,3.119,1
NYUv2,3.121,2
NYUv2,3.122,2
NYUv2,3.124,1
NYUv2,3.128,1
NYUv2,3.135,1
NYUv2,3.136,2
NYUv2,3.137,2
NYUv2,3.139,1
NYUv2,3.140,1
NYUv2,3.151,1
NYUv2,3.152,1
NYUv2,3.156,1
NYUv2,3.159,1
NYUv2,3.161,1
NYUv2,3.164,1
NYUv2,3.165,1
NYUv2,3.166,1
NYUv2,3.168,1
NYUv2,3.171,1
NYUv2,3.172,1
NYUv2,3.175,1
NYUv2,3.180,1
NYUv2,3.183,1
NYUv2,3.186,3
NYUv2,3.200,1
NYUv2,3.202,1
NYUv2,3.204,2
NYUv2,3.213,2
NYUv2,3.214,1
NYUv2,3.217,1
NYUv2,3.219,1
NYUv2,3.220,1
NYUv2,3.230,1
NYUv2,3.232,1
NYUv2,3.239,1
NYUv2,3.243,1
NYUv2,3.249,1
NYUv2,3.253,1
NYUv2,3.265,1
NYUv2,3.267,1
NYUv2,3.276,1
NYUv2,3.280,2
NYUv2,3.282,2
NYUv2,3.288,1
NYUv2,3.299,1
NYUv2,3.301,1
NYUv2,3.309,1
NYUv2,3.312,2
NYUv2,3.314,1
NYUv2,3.328,1
NYUv2,3.344,1
NYUv2,3.351,1
NYUv2,3.354,1
NYUv2,3.356,1
NYUv2,3.369,1
NYUv2,3.374,1
NYUv2,3.392,1
NYUv2,3.419,1
NYUv2,3.433,1
NYUv2,3.444,1
NYUv2,3.454,1
NYUv2,3.466,1
NYUv2,3.467,1
NYUv2,3.500,1
NYUv2,3.510,1
NYUv2,3.511,2
NYUv2,3.522,1
NYUv2,3.534,1
NYUv2,3.543,1
NYUv2,3.562,1
NYUv2,3.578,1
NYUv2,3.603,1
NYUv2,3.604,1
NYUv2,3.610,1
NYUv2,3.616,1
NYUv2,3.634,1
NYUv2,3.639,1
NYUv2,3.643,1
NYUv2,3.846,1
NYUv2,3.892,1
NYUv2,4.001,1
Sintel,0.385,1
Sintel,0.390,1
Sintel,0.396,1
Sintel,0.401,1
Sintel,0.407,1
Sintel,0.412,1
Sintel,0.418,1
Sintel,0.424,1
Sintel,0.430,1
Sintel,0.436,1
Sintel,0.441,1
Sintel,0.447,1
Sintel,0.453,1
Sintel,0.458,1
Sintel,0.464,1
Sintel,0.469,1
Sintel,0.474,1
Sintel,0.480,1
Sintel,0.485,1
Sintel,0.490,1
Sintel,0.496,1
Sintel,0.501,1
Sintel,0.506,1
Sintel,0.511,1
Sintel,0.516,1
Sintel,0.522,1
Sintel,0.527,1
Sintel,0.532,1
Sintel,0.537,1
Sintel,0.543,1
Sintel,0.548,1
Sintel,0.553,1
Sintel,0.559,1
Sintel,0.562,3
Sintel,0.563,7
Sintel,0.564,11
Sintel,0.565,3
Sintel,0.566,3
Sintel,0.567,4
Sintel,0.568,3
Sintel,0.570,2
Sintel,0.572,1
Sintel,0.573,1
Sintel,0.574,1
Sintel,0.575,1
Sintel,0.576,5
Sintel,0.577,1
Sintel,0.581,1
Sintel,0.582,1
Sintel,0.587,1
Sintel,0.592,1
Sintel,0.597,1
Sintel,0.598,2
Sintel,0.600,1
Sintel,0.602,1
Sintel,0.604,6
Sintel,0.605,1
Sintel,0.608,1
Sintel,0.609,1
Sintel,0.612,1
Sintel,0.615,2
Sintel,0.619,1
Sintel,0.620,1
Sintel,0.623,1
Sintel,0.625,1
Sintel,0.627,1
Sintel,0.631,1
Sintel,0.632,1
Sintel,0.636,1
Sintel,0.637,1
Sintel,0.641,2
Sintel,0.646,1
Sintel,0.647,1
Sintel,0.651,1
Sintel,0.652,1
Sintel,0.658,1
Sintel,0.664,1
Sintel,0.670,1
Sintel,0.676,1
Sintel,0.683,1
Sintel,0.690,1
Sintel,0.697,1
Sintel,0.704,1
Sintel,0.712,1
Sintel,0.719,1
Sintel,0.727,1
Sintel,0.735,1
Sintel,0.744,1
Sintel,0.752,1
Sintel,0.761,1
Sintel,0.770,1
Sintel,0.779,1
Sintel,0.789,1
Sintel,0.798,1
Sintel,0.808,1
Sintel,0.818,1
Sintel,0.828,1
Sintel,0.837,2
Sintel,0.839,3
Sintel,0.842,1
Sintel,0.843,2
Sintel,0.845,1
Sintel,0.849,2
Sintel,0.850,1
Sintel,0.852,1
Sintel,0.853,1
Sintel,0.854,1
Sintel,0.856,1
Sintel,0.857,2
Sintel,0.858,1
Sintel,0.860,1
Sintel,0.861,2
Sintel,0.862,1
Sintel,0.864,2
Sintel,0.865,2
Sintel,0.866,1
Sintel,0.867,1
Sintel,0.868,2
Sintel,0.869,3
Sintel,0.870,3
Sintel,0.871,2
Sintel,0.872,1
Sintel,0.873,2
Sintel,0.874,1
Sintel,0.875,2
Sintel,0.876,1
Sintel,0.877,4
Sintel,0.878,4
Sintel,0.882,1
Sintel,0.893,1
Sintel,0.904,1
Sintel,0.915,1
Sintel,0.927,1
Sintel,0.938,1
Sintel,0.950,1
Sintel,0.962,1
Sintel,0.974,1
Sintel,1.041,1
Sintel,1.042,2
Sintel,1.044,2
Sintel,1.047,1
Sintel,1.048,1
Sintel,1.050,1
Sintel,1.053,1
Sintel,1.054,1
Sintel,1.058,1
Sintel,1.060,1
Sintel,1.063,1
Sintel,1.066,1
Sintel,1.068,1
Sintel,1.073,1
Sintel,1.074,1
Sintel,1.080,1
Sintel,1.082,1
Sintel,1.088,1
Sintel,1.090,1
Sintel,1.095,1
Sintel,1.098,1
Sintel,1.101,1
Sintel,1.105,2
Sintel,1.107,1
Sintel,1.108,1
Sintel,1.109,5
Sintel,1.110,1
Sintel,1.111,2
Sintel,1.113,1
Sintel,1.114,1
Sintel,1.115,1
Sintel,1.117,2
Sintel,1.118,1
Sintel,1.119,1
Sintel,1.120,1
Sintel,1.121,2
Sintel,1.125,1
Sintel,1.131,1
Sintel,1.138,1
Sintel,1.145,1
Sintel,1.283,1
Sintel,1.355,1
Sintel,1.397,1
Sintel,1.449,1
Sintel,1.466,1
Sintel,1.602,1
Sintel,1.635,1
Sintel,1.659,1
Sintel,1.686,1
Sintel,1.728,1
Sintel,1.735,1
Sintel,1.738,1
Sintel,1.776,1
Sintel,1.791,1
Sintel,1.807,1
Sintel,1.815,1
Sintel,1.822,1
Sintel,1.825,1
Sintel,1.826,1
Sintel,1.827,2
Sintel,1.828,2
Sintel,1.830,2
Sintel,1.832,1
Sintel,1.833,1
Sintel,1.836,1
Sintel,1.837,2
Sintel,1.839,1
Sintel,1.841,2
Sintel,1.842,1
Sintel,1.843,3
Sintel,1.844,3
Sintel,1.845,3
Sintel,1.846,1
Sintel,1.847,3
Sintel,1.848,8
Sintel,1.849,1
Sintel,1.850,1
Sintel,1.852,3
Sintel,1.854,2
Sintel,1.856,1
Sintel,1.859,4
Sintel,1.860,2
Sintel,1.867,1
Sintel,1.881,1
Sintel,1.896,1
Sintel,1.910,1
Sintel,1.924,1
Sintel,1.938,1
Sintel,1.953,1
Sintel,1.966,1
Sintel,1.980,1
Sintel,1.992,1
Sintel,1.994,1
Sintel,2.007,1
Sintel,2.020,1
Sintel,2.033,1
Sintel,2.045,1
Sintel,2.058,1
Sintel,2.070,1
Sintel,2.082,1
Sintel,2.094,1
Sintel,2.096,1
Sintel,2.100,1
Sintel,2.106,1
Sintel,2.117,1
Sintel,2.125,1
Sintel,2.129,1
Sintel,2.140,1
Sintel,2.152,1
Sintel,2.163,2
Sintel,2.174,1
Sintel,2.185,1
Sintel,2.196,1
Sintel,2.207,1
Sintel,2.218,1
Sintel,2.229,1
Sintel,2.240,1
Sintel,2.250,1
Sintel,2.261,1
Sintel,2.271,1
Sintel,2.282,1
Sintel,2.291,1
Sintel,2.292,1
Sintel,2.302,1
Sintel,2.305,1
Sintel,2.312,1
Sintel,2.322,1
Sintel,2.332,1
Sintel,2.341,1
Sintel,2.351,1
Sintel,2.361,1
Sintel,2.366,1
Sintel,2.370,1
Sintel,2.403,1
Sintel,2.460,1
Sintel,2.485,1
Sintel,2.493,1
Sintel,2.495,1
Sintel,2.576,1
Sintel,2.578,1
Sintel,2.746,2
Sintel,2.856,1
Sintel,2.866,1
Sintel,2.922,1
Sintel,2.925,1
Sintel,2.978,1
Sintel,3.032,1
Sintel,3.039,1
Sintel,3.123,1
Sintel,3.170,1
Sintel,3.176,1
Sintel,3.179,1
Sintel,3.305,1
Sintel,3.307,1
Sintel,3.352,1
Sintel,3.415,1
Sintel,3.450,1
Sintel,3.503,1
Sintel,3.535,1
Sintel,3.543,1
Sintel,3.554,1
Sintel,3.561,1
Sintel,3.572,1
Sintel,3.574,1
Sintel,3.595,1
Sintel,3.615,1
Sintel,3.634,1
Sintel,3.650,1
Sintel,3.662,1
Sintel,3.668,1
Sintel,3.674,1
Sintel,3.682,1
Sintel,3.690,1
Sintel,3.696,1
Sintel,3.700,1
Sintel,3.701,1
Sintel,3.705,1
Sintel,3.709,1
Sintel,3.711,1
Sintel,3.715,1
Sintel,3.718,1
Sintel,3.719,1
Sintel,3.722,1
Sintel,3.723,1
Sintel,3.726,1
Sintel,3.727,1
Sintel,3.734,1
Sintel,3.789,1
Sintel,3.822,1
Sintel,3.847,1
Sintel,3.894,1
Sintel,3.896,1
Sintel,3.945,1
Sintel,3.969,1
Sintel,3.970,1
Sintel,3.986,1
Sintel,3.997,1
Sintel,4.001,1
Sintel,4.014,1
Sintel,4.021,1
Sintel,4.026,1
Sintel,4.038,1
Sintel,4.048,1
Sintel,4.058,1
Sintel,4.066,1
Sintel,4.073,1
Sintel,4.080,1
Sintel,4.085,1
Sintel,4.089,1
Sintel,4.096,1
Sintel,4.102,1
Sintel,4.111,1
Sintel,4.113,1
Sintel,4.127,1
Sintel,4.128,1
Sintel,4.138,1
Sintel,4.145,1
Sintel,4.146,1
Sintel,4.150,1
Sintel,4.152,1
Sintel,4.154,1
Sintel,4.165,1
Sintel,4.167,1
Sintel,4.169,1
Sintel,4.183,1
Sintel,4.184,1
Sintel,4.191,1
Sintel,4.198,1
Sintel,4.204,1
Sintel,4.205,1
Sintel,4.234,1
Sintel,4.268,1
Sintel,4.305,1
Sintel,4.311,1
Sintel,4.322,1
Sintel,4.338,1
Sintel,4.365,1
Sintel,4.391,1
Sintel,4.402,1
Sintel,4.419,1
Sintel,4.446,1
Sintel,4.459,1
Sintel,4.507,1
Sintel,4.510,1
Sintel,4.525,1
Sintel,4.544,1
Sintel,4.565,1
Sintel,4.585,1
Sintel,4.591,1
Sintel,4.603,1
Sintel,4.607,1
Sintel,4.626,1
Sintel,4.645,1
Sintel,4.657,1
Sintel,4.668,1
Sintel,4.682,1
Sintel,4.687,1
Sintel,4.700,1
Sintel,4.706,1
Sintel,4.720,1
Sintel,4.725,1
Sintel,4.730,1
Sintel,4.747,1
Sintel,4.756,1
Sintel,4.769,1
Sintel,4.780,1
Sintel,4.784,1
Sintel,4.788,2
Sintel,4.803,1
Sintel,4.812,1
Sintel,4.821,1
Sintel,4.842,1
Sintel,4.848,1
Sintel,4.852,1
Sintel,4.872,1
Sintel,4.906,1
Sintel,4.907,1
Sintel,4.926,1
Sintel,4.934,1
Sintel,4.948,1
Sintel,4.954,1
Sintel,4.962,1
Sintel,4.966,1
Sintel,4.974,1
Sintel,4.979,1
Sintel,4.981,1
Sintel,5.047,1
Sintel,5.070,1
Sintel,5.162,1
Sintel,5.176,1
Sintel,5.186,1
Sintel,5.196,1
Sintel,5.239,1
Sintel,5.268,2
Sintel,5.277,1
Sintel,5.279,1
Sintel,5.308,1
Sintel,5.310,1
Sintel,5.321,1
Sintel,5.347,1
Sintel,5.361,1
Sintel,5.367,1
Sintel,5.424,1
Sintel,5.426,1
Sintel,5.469,1
Sintel,5.471,1
Sintel,5.576,1
Sintel,5.599,1
Sintel,5.631,1
Sintel,5.635,1
Sintel,5.646,1
Sintel,5.667,1
Sintel,5.668,1
Sintel,5.671,1
Sintel,5.676,1
Sintel,5.683,1
Sintel,5.687,1
Sintel,5.690,1
Sintel,5.694,1
Sintel,5.699,1
Sintel,5.710,1
Sintel,5.721,1
Sintel,5.726,1
Sintel,5.750,1
Sintel,5.777,1
Sintel,5.784,1
Sintel,5.891,1
Sintel,5.934,1
Sintel,5.947,1
Sintel,5.950,1
Sintel,5.969,1
Sintel,5.977,1
Sintel,6.005,1
Sintel,6.006,1
Sintel,6.009,1
Sintel,6.017,1
Sintel,6.024,1
Sintel,6.027,1
Sintel,6.040,1
Sintel,6.041,1
Sintel,6.049,1
Sintel,6.050,1
Sintel,6.067,1
Sintel,6.071,1
Sintel,6.085,1
Sintel,6.088,1
Sintel,6.093,1
Sintel,6.094,1
Sintel,6.102,1
Sintel,6.104,1
Sintel,6.106,1
Sintel,6.108,1
Sintel,6.112,1
Sintel,6.116,1
Sintel,6.119,1
Sintel,6.122,1
Sintel,6.129,1
Sintel,6.133,1
Sintel,6.137,1
Sintel,6.142,1
Sintel,6.147,1
Sintel,6.152,2
Sintel,6.155,1
Sintel,6.157,1
Sintel,6.162,1
Sintel,6.163,1
Sintel,6.169,1
Sintel,6.177,1
Sintel,6.181,1
Sintel,6.184,1
Sintel,6.186,1
Sintel,6.189,1
Sintel,6.195,1
Sintel,6.202,1
Sintel,6.204,1
Sintel,6.206,1
Sintel,6.209,1
Sintel,6.220,1
Sintel,6.221,1
Sintel,6.238,1
Sintel,6.246,1
Sintel,6.255,1
Sintel,6.269,1
Sintel,6.280,1
Sintel,6.287,2
Sintel,6.303,1
Sintel,6.312,2
Sintel,6.320,1
Sintel,6.323,1
Sintel,6.324,1
Sintel,6.332,1
Sintel,6.347,1
Sintel,6.357,1
Sintel,6.359,1
Sintel,6.362,1
Sintel,6.372,1
Sintel,6.374,1
Sintel,6.376,1
Sintel,6.393,1
Sintel,6.405,1
Sintel,6.407,1
Sintel,6.410,1
Sintel,6.416,1
Sintel,6.427,1
Sintel,6.430,1
Sintel,6.434,1
Sintel,6.439,1
Sintel,6.440,1
Sintel,6.448,1
Sintel,6.452,1
Sintel,6.457,1
Sintel,6.459,1
Sintel,6.461,1
Sintel,6.469,1
Sintel,6.470,1
Sintel,6.472,1
Sintel,6.473,1
Sintel,6.475,1
Sintel,6.476,2
Sintel,6.479,1
Sintel,6.517,1
Sintel,6.529,1
Sintel,6.532,1
Sintel,6.535,1
Sintel,6.536,1
Sintel,6.541,1
Sintel,6.564,1
Sintel,6.571,1
Sintel,6.596,1
Sintel,6.609,1
Sintel,6.612,1
Sintel,6.657,1
Sintel,6.662,1
Sintel,6.677,1
Sintel,6.683,1
Sintel,6.700,1
Sintel,6.708,1
Sintel,6.728,1
Sintel,6.744,1
Sintel,6.747,1
Sintel,6.796,1
Sintel,6.801,1
Sintel,6.812,1
Sintel,6.836,1
Sintel,6.855,1
Sintel,6.863,1
Sintel,6.869,1
Sintel,6.899,1
Sintel,6.914,1
Sintel,6.919,1
Sintel,6.926,1
Sintel,7.010,1
Sintel,7.012,2
Sintel,7.044,1
Sintel,7.082,1
Sintel,7.138,1
Sintel,7.147,1
Sintel,7.158,1
Sintel,7.165,1
Sintel,7.171,2
Sintel,7.184,1
Sintel,7.185,1
Sintel,7.188,1
Sintel,7.204,1
Sintel,7.213,1
Sintel,7.232,1
Sintel,7.240,1
Sintel,7.258,1
Sintel,7.286,1
Sintel,7.287,1
Sintel,7.302,1
Sintel,7.316,1
Sintel,7.317,1
Sintel,7.319,1
Sintel,7.325,1
Sintel,7.326,1
Sintel,7.334,1
Sintel,7.337,2
Sintel,7.354,1
Sintel,7.360,1
Sintel,7.373,2
Sintel,7.383,1
Sintel,7.386,1
Sintel,7.395,1
Sintel,7.472,1
Sintel,7.505,1
Sintel,7.608,1
Sintel,7.630,1
Sintel,7.696,1
Sintel,7.735,1
Sintel,7.770,1
Sintel,7.840,1
Sintel,7.857,1
Sintel,7.868,1
Sintel,7.926,1
Sintel,7.955,1
Sintel,8.083,1
Sintel,8.101,1
Sintel,8.181,1
Sintel,8.264,1
Sintel,8.287,1
Sintel,8.292,1
Sintel,8.320,1
Sintel,8.334,1
Sintel,8.390,1
Sintel,8.395,1
Sintel,8.398,1
Sintel,8.531,1
Sintel,8.558,1
Sintel,8.595,1
Sintel,8.646,1
Sintel,8.676,1
Sintel,8.686,1
Sintel,8.712,1
Sintel,8.714,1
Sintel,8.750,1
Sintel,8.757,1
Sintel,8.769,1
Sintel,8.910,1
Sintel,8.927,1
Sintel,9.067,1
Sintel,9.152,1
Sintel,9.154,1
Sintel,9.162,1
Sintel,9.259,1
Sintel,9.298,1
Sintel,9.425,1
Sintel,9.442,1
Sintel,9.538,1
Sintel,9.609,1
Sintel,9.620,1
Sintel,9.645,1
Sintel,9.653,1
Sintel,9.657,1
Sintel,9.676,1
Sintel,9.720,1
Sintel,9.736,1
Sintel,9.788,1
Sintel,9.842,1
Sintel,9.863,1
Sintel,9.915,1
Sintel,9.916,1
Sintel,9.958,1
Sintel,9.988,1
Sintel,10.023,1
Sintel,10.087,1
Sintel,10.097,1
Sintel,10.521,1
Sintel,10.628,1
Sintel,10.755,1
Sintel,10.898,1
Sintel,11.020,1
Sintel,11.174,1
Sintel,11.227,1
Sintel,11.473,1
Sintel,11.509,1
Sintel,11.938,1
Sintel,12.206,1
Sintel,12.493,1
Sintel,12.684,1
Sintel,12.760,1
Sintel,13.006,1
Sintel,13.098,1
Sintel,13.114,1
Sintel,13.281,1
Sintel,13.451,1
Sintel,13.514,1
Sintel,13.573,1
Sintel,13.615,1
Sintel,13.649,1
Sintel,13.681,1
Sintel,14.596,1
Sintel,14.765,1
Sintel,14.943,1
Sintel,15.236,1
Sintel,15.433,1
Sintel,15.708,1
Sintel,15.989,1
Sintel,16.530,1
Sintel,16.567,1
Sintel,16.591,1
Sintel,16.603,1
Sintel,16.821,1
Sintel,17.072,1
Sintel,17.200,1
Sintel,17.319,1
Sintel,17.550,1
Sintel,17.643,1
Sintel,17.706,1
Sintel,18.001,1
Sintel,18.106,1
Sintel,18.365,1
Sintel,18.600,1
Sintel,18.968,1
Sintel,19.150,1
Sintel,19.251,1
Sintel,19.568,1
Sintel,19.761,1
Sintel,20.375,1
Sintel,20.830,1
Sintel,20.833,1
Sintel,21.031,1
Sintel,21.660,1
Sintel,22.363,1
Sintel,23.001,1
Sintel,23.873,1
Sintel,23.949,1
Sintel,24.002,1
Sintel,24.014,1
Sintel,24.349,1
Sintel,24.468,1
Sintel,24.548,1
Sintel,24.679,1
Sintel,24.802,1
Sintel,24.991,1
Sintel,25.245,1
Sintel,25.260,1
Sintel,25.571,1
Sintel,25.759,1
Sintel,25.900,1
Sintel,26.181,1
Sintel,26.401,1
Sintel,26.521,1
Sintel,26.839,1
Sintel,26.929,1
Sintel,27.182,1
Sintel,27.255,1
Sintel,27.829,1
Sintel,28.175,1
Sintel,28.704,1
Sintel,28.780,1
Sintel,28.887,1
Sintel,29.029,1
Sintel,29.186,1
Sintel,29.241,1
Sintel,29.532,1
Sintel,29.539,1
Sintel,29.548,1
Sintel,29.562,1
Sintel,29.567,1
Sintel,29.577,1
Sintel,29.648,1
Sintel,29.704,1
Sintel,29.793,1
Sintel,29.904,1
Sintel,29.926,1
Sintel,29.972,1
Sintel,29.995,1
Sintel,30.012,1
Sintel,30.054,1
Sintel,30.097,1
Sintel,30.283,1
Sintel,30.588,1
Sintel,30.804,1
Sintel,30.847,1
Sintel,31.045,1
Sintel,31.182,1
Sintel,31.231,1
Sintel,31.397,1
Sintel,31.458,1
Sintel,31.469,1
Sintel,31.476,1
Sintel,31.556,1
Sintel,31.640,1
Sintel,31.649,1
Sintel,31.668,1
Sintel,31.796,1
Sintel,31.962,1
Sintel,32.123,1
Sintel,32.228,1
Sintel,32.232,1
Sintel,32.260,1
Sintel,32.274,1
Sintel,32.427,1
Sintel,32.489,1
Sintel,32.634,1
Sintel,32.677,1
Sintel,32.692,1
Sintel,32.694,1
Sintel,32.700,1
Sintel,32.701,1
Sintel,32.707,1
Sintel,32.720,1
Sintel,32.731,1
Sintel,32.741,2
Sintel,32.757,1
Sintel,32.784,1
Sintel,32.808,1
Sintel,32.855,1
Sintel,33.159,1
Sintel,33.409,1
Sintel,33.679,1
Sintel,33.831,1
Sintel,34.269,1
Sintel,34.866,1
Sintel,35.313,1
Sintel,36.368,1
Sintel,36.702,1
Sintel,36.708,1
Sintel,37.131,1
Sintel,37.194,1
Sintel,37.696,1
Sintel,38.032,1
Sintel,38.195,1
Sintel,38.644,1
Sintel,39.202,1
Sintel,39.788,1
Sintel,39.810,1
Sintel,40.113,1
Sintel,40.167,1
Sintel,40.307,1
Sintel,40.403,1
Sintel,40.422,1
Sintel,40.456,1
Sintel,40.570,1
Sintel,40.670,1
Sintel,41.055,1
Sintel,41.342,1
Sintel,41.827,1
Sintel,42.224,1
Sintel,42.791,1
Sintel,42.972,1
Sintel,43.094,1
Sintel,43.777,1
Sintel,45.111,1
Sintel,45.135,1
Sintel,46.259,1
Sintel,49.599,1
Sintel,49.956,1
Sintel,52.722,1
Sintel,53.143,1
Sintel,57.051,1
Sintel,57.173,1
Sintel,57.357,1
Sintel,57.599,1
Sintel,57.784,1
Sintel,58.344,1
Sintel,59.242,1
Sintel,60.045,1
Sintel,60.745,1
Sintel,61.422,1
Sintel,61.940,1
Sintel,62.302,1
Sintel,62.599,1
Sintel,62.820,1
Sintel,62.825,1
Sintel,62.883,1
Sintel,62.997,1
Sintel,63.078,1
Sintel,63.263,1
Sintel,63.344,1
Sintel,63.672,1
Sintel,63.977,1
Sintel,64.514,1
Sintel,66.676,1
Sintel,72.542,1
Sintel,85.012,1
Sintel,112.781,1
Sintel,140.563,1
Sintel,175.993,1
Sintel,188.426,1
Sintel,191.377,1
Sintel,201.536,1
Sintel,201.832,1
Sintel,419.989,1
Sintel,423.218,1
Sintel,425.977,1
Sintel,429.017,1
Sintel,432.564,1
Sintel,436.628,1
Sintel,440.612,1
Sintel,445.012,1
Sintel,449.144,1
Sintel,452.829,1
Sintel,456.124,1
Sintel,459.458,1
Sintel,462.978,1
Sintel,466.599,1
Sintel,471.037,1
Sintel,475.943,1
Sintel,480.699,1
Sintel,485.574,1
Sintel,490.840,1
Sintel,496.624,1
Sintel,502.899,1
Sintel,510.048,1
Sintel,518.258,1
Sintel,526.516,1
Sintel,535.016,1
Sintel,544.095,1
Sintel,552.084,1
Sintel,559.298,1
Sintel,565.263,1
Sintel,570.322,1
Sintel,573.747,1
Sintel,575.912,1
Sintel,577.610,1
Sintel,579.428,1
Sintel,581.175,1
Sintel,583.251,1
Sintel,585.177,1
Sintel,587.221,1
Sintel,589.608,1
Sintel,591.948,1
Sintel,594.621,1
Sintel,597.330,1
Sintel,599.629,1
Sintel,602.038,1
Sintel,604.358,1
Sintel,606.910,1
Sintel,609.680,1
Sintel,612.931,1
Sintel,616.093,1
Sintel,618.616,1
Spring,0.003,3
Spring,0.004,1
Spring,0.013,12
Spring,0.014,7
Spring,0.031,4
Spring,0.032,5
Spring,0.033,2
Spring,0.034,2
Spring,0.035,2
Spring,0.036,4
Spring,0.037,12
Spring,0.038,15
Spring,0.039,1
Spring,0.042,1
Spring,0.046,1
Spring,0.048,5
Spring,0.049,10
Spring,0.050,5
Spring,0.051,1
Spring,0.053,8
Spring,0.054,12
Spring,0.056,1
Spring,0.059,1
Spring,0.063,1
Spring,0.066,12
Spring,0.067,7
Spring,0.069,1
Spring,0.070,15
Spring,0.072,2
Spring,0.073,1
Spring,0.075,1
Spring,0.078,3
Spring,0.080,5
Spring,0.081,6
Spring,0.082,1
Spring,0.083,6
Spring,0.084,6
Spring,0.085,3
Spring,0.086,2
Spring,0.087,3
Spring,0.088,9
Spring,0.089,1
Spring,0.090,6
Spring,0.092,5
Spring,0.093,3
Spring,0.094,6
Spring,0.095,5
Spring,0.096,7
Spring,0.097,1
Spring,0.099,1
Spring,0.101,1
Spring,0.102,1
Spring,0.103,1
Spring,0.104,1
Spring,0.105,1
Spring,0.106,1
Spring,0.107,1
Spring,0.108,1
Spring,0.110,1
Spring,0.112,1
Spring,0.113,1
Spring,0.114,1
Spring,0.115,1
Spring,0.116,2
Spring,0.117,1
Spring,0.118,13
Spring,0.119,7
Spring,0.120,1
Spring,0.121,2
Spring,0.130,1
Spring,0.133,1
Spring,0.134,1
Spring,0.135,1
Spring,0.138,3
Spring,0.139,7
Spring,0.140,7
Spring,0.141,23
Spring,0.142,10
Spring,0.143,6
Spring,0.145,1
Spring,0.147,1
Spring,0.158,1
Spring,0.161,1
Spring,0.162,1
Spring,0.163,1
Spring,0.164,2
Spring,0.165,1
Spring,0.167,1
Spring,0.169,1
Spring,0.171,2
Spring,0.172,1
Spring,0.173,1
Spring,0.174,3
Spring,0.175,2
Spring,0.176,1
Spring,0.177,1
Spring,0.178,1
Spring,0.179,2
Spring,0.180,2
Spring,0.181,1
Spring,0.183,2
Spring,0.184,2
Spring,0.185,1
Spring,0.187,2
Spring,0.188,1
Spring,0.189,4
Spring,0.190,2
Spring,0.191,4
Spring,0.193,2
Spring,0.194,4
Spring,0.195,3
Spring,0.196,3
Spring,0.197,2
Spring,0.199,1
Spring,0.200,1
Spring,0.201,1
Spring,0.202,1
Spring,0.203,1
Spring,0.204,1
Spring,0.205,4
Spring,0.207,2
Spring,0.208,2
Spring,0.209,1
Spring,0.210,3
Spring,0.211,1
Spring,0.213,1
Spring,0.214,4
Spring,0.216,2
Spring,0.217,1
Spring,0.218,1
Spring,0.219,1
Spring,0.220,1
Spring,0.224,1
Spring,0.231,2
Spring,0.232,2
Spring,0.233,1
Spring,0.239,2
Spring,0.240,1
Spring,0.246,1
Spring,0.247,1
Spring,0.251,1
Spring,0.252,2
Spring,0.254,1
Spring,0.255,2
Spring,0.257,1
Spring,0.259,1
Spring,0.261,1
Spring,0.263,1
Spring,0.268,2
Spring,0.269,2
Spring,0.270,2
Spring,0.271,2
Spring,0.272,1
Spring,0.273,1
Spring,0.275,1
Spring,0.276,1
Spring,0.278,1
Spring,0.279,1
Spring,0.280,1
Spring,0.282,2
Spring,0.283,3
Spring,0.284,2
Spring,0.287,3
Spring,0.288,1
Spring,0.289,6
Spring,0.290,10
Spring,0.292,1
Spring,0.293,2
Spring,0.294,2
Spring,0.296,2
Spring,0.297,1
Spring,0.298,2
Spring,0.299,2
Spring,0.301,1
Spring,0.302,1
Spring,0.305,1
Spring,0.307,1
Spring,0.308,2
Spring,0.309,1
Spring,0.312,4
Spring,0.313,1
Spring,0.314,1
Spring,0.315,1
Spring,0.317,1
Spring,0.321,1
Spring,0.322,1
Spring,0.324,1
Spring,0.327,1
Spring,0.334,1
Spring,0.344,1
Spring,0.350,1
Spring,0.352,1
Spring,0.355,1
Spring,0.368,1
Spring,0.370,2
Spring,0.371,1
Spring,0.372,1
Spring,0.374,1
Spring,0.375,2
Spring,0.377,1
Spring,0.380,1
Spring,0.381,1
Spring,0.383,1
Spring,0.384,1
Spring,0.386,1
Spring,0.387,1
Spring,0.390,1
Spring,0.393,1
Spring,0.395,1
Spring,0.396,1
Spring,0.399,1
Spring,0.401,1
Spring,0.402,1
Spring,0.403,1
Spring,0.404,1
Spring,0.406,1
Spring,0.411,1
Spring,0.417,1
Spring,0.418,1
Spring,0.420,1
Spring,0.422,1
Spring,0.423,1
Spring,0.432,1
Spring,0.436,2
Spring,0.445,1
Spring,0.452,1
Spring,0.456,1
Spring,0.458,3
Spring,0.459,1
Spring,0.460,1
Spring,0.462,2
Spring,0.464,1
Spring,0.467,1
Spring,0.468,1
Spring,0.469,1
Spring,0.470,2
Spring,0.473,1
Spring,0.474,1
Spring,0.477,1
Spring,0.478,1
Spring,0.480,1
Spring,0.481,2
Spring,0.482,1
Spring,0.483,1
Spring,0.485,2
Spring,0.486,1
Spring,0.487,1
Spring,0.488,3
Spring,0.489,3
Spring,0.607,1
Spring,0.664,1
Spring,0.721,1
Spring,0.741,1
Spring,0.745,1
Spring,0.747,2
Spring,0.750,1
Spring,0.751,1
Spring,0.752,1
Spring,0.753,1
Spring,0.754,1
Spring,0.755,1
Spring,0.756,1
Spring,0.758,1
Spring,0.759,1
Spring,0.761,4
Spring,0.762,1
Spring,0.763,1
Spring,0.764,1
Spring,0.765,1
Spring,0.767,1
Spring,0.769,2
Spring,0.770,1
Spring,0.772,2
Spring,0.775,1
Spring,0.777,1
Spring,0.778,3
Spring,0.779,3
Spring,0.780,1
Spring,0.782,1
Spring,0.783,1
Spring,0.850,1
Spring,0.861,1
Spring,0.962,1
Spring,0.966,1
Spring,1.017,1
Spring,1.025,1
Spring,1.037,1
Spring,1.125,1
Spring,1.161,1
Spring,1.242,1
Spring,1.283,1
Spring,1.303,1
Spring,1.319,1
Spring,1.327,1
Spring,1.333,1
Spring,1.336,2
Spring,1.340,1
Spring,1.341,1
Spring,1.343,1
Spring,1.350,1
Spring,1.353,2
Spring,1.358,1
Spring,1.366,1
Spring,1.367,1
Spring,1.405,1
Spring,1.409,1
Spring,1.410,1
Spring,1.414,1
Spring,1.419,1
Spring,1.423,1
Spring,1.424,1
Spring,1.425,1
Spring,1.430,1
Spring,1.433,1
Spring,1.439,1
Spring,1.440,1
Spring,1.445,1
Spring,1.448,1
Spring,1.454,1
Spring,1.458,1
Spring,1.459,1
Spring,1.461,1
Spring,1.468,2
Spring,1.472,1
Spring,1.478,1
Spring,1.479,1
Spring,1.498,1
Spring,1.501,1
Spring,1.517,1
Spring,1.518,1
Spring,1.530,1
Spring,1.540,1
Spring,1.551,1
Spring,1.560,1
Spring,1.582,2
Spring,1.600,1
Spring,1.608,1
Spring,1.618,1
Spring,1.632,1
Spring,1.646,1
Spring,1.657,1
Spring,1.671,1
Spring,1.672,1
Spring,1.674,1
Spring,1.675,1
Spring,1.676,1
Spring,1.678,1
Spring,1.680,2
Spring,1.681,1
Spring,1.683,1
Spring,1.704,1
Spring,1.719,1
Spring,1.734,1
Spring,1.765,1
Spring,1.773,1
Spring,1.798,1
Spring,1.827,1
Spring,1.858,1
Spring,1.901,1
Spring,1.970,1
Spring,2.035,1
Spring,2.036,1
Spring,2.037,1
Spring,2.038,3
Spring,2.039,1
Spring,2.040,2
Spring,2.103,1
Spring,2.138,1
Spring,2.191,1
Spring,2.433,1
Spring,2.534,1
Spring,2.567,1
Spring,2.692,1
Spring,2.703,1
Spring,2.704,1
Spring,2.732,1
Spring,2.743,1
Spring,2.809,1
Spring,2.820,1
Spring,2.901,1
Spring,2.945,1
Spring,3.006,1
Spring,3.043,1
Spring,3.051,1
Spring,3.076,1
Spring,3.145,2
Spring,3.179,1
Spring,3.187,1
Spring,3.201,1
Spring,3.204,1
Spring,3.222,1
Spring,3.230,1
Spring,3.248,1
Spring,3.279,1
Spring,3.282,1
Spring,3.289,1
Spring,3.309,1
Spring,3.311,1
Spring,3.337,1
Spring,3.338,1
Spring,3.346,1
Spring,3.363,1
Spring,3.369,1
Spring,3.374,1
Spring,3.383,1
Spring,3.418,1
Spring,3.449,1
Spring,3.474,1
Spring,3.483,1
Spring,3.505,1
Spring,3.531,1
Spring,3.544,1
Spring,3.545,1
Spring,3.551,1
Spring,3.553,1
Spring,3.555,1
Spring,3.563,1
Spring,3.565,1
Spring,3.571,1
Spring,3.575,2
Spring,3.587,1
Spring,3.600,1
Spring,3.613,1
Spring,3.635,1
Spring,3.643,1
Spring,3.674,1
Spring,3.679,2
Spring,3.705,1
Spring,3.722,1
Spring,3.724,1
Spring,3.748,1
Spring,3.752,1
Spring,3.814,1
Spring,4.005,1
Spring,4.039,1
Spring,4.085,1
Spring,4.150,1
Spring,4.352,1
Spring,4.371,1
Spring,4.381,1
Spring,4.468,1
Spring,4.560,1
Spring,4.699,1
Spring,4.703,1
Spring,4.704,5
Spring,4.705,7
Spring,4.706,3
Spring,4.707,2
Spring,4.708,1
Spring,4.710,2
Spring,4.711,2
Spring,4.713,1
Spring,4.715,1
Spring,4.717,1
Spring,4.720,1
Spring,4.723,1
Spring,4.727,1
Spring,4.732,1
Spring,4.737,1
Spring,4.861,1
Spring,4.952,1
Spring,4.954,1
Spring,4.956,1
Spring,4.958,1
Spring,4.960,2
Spring,4.962,1
Spring,4.964,1
Spring,4.965,1
Spring,4.967,1
Spring,4.969,1
Spring,4.971,1
Spring,4.972,1
Spring,4.974,1
Spring,4.976,1
Spring,4.978,1
Spring,4.979,1
Spring,4.981,1
Spring,5.018,1
Spring,5.057,1
Spring,5.129,4
Spring,5.130,5
Spring,5.131,3
Spring,5.132,4
Spring,5.257,1
Spring,5.337,1
Spring,5.461,1
Spring,5.554,1
Spring,5.646,1
Spring,5.730,1
Spring,5.943,1
Spring,6.052,1
Spring,6.161,1
Spring,6.230,1
Spring,6.258,1
Spring,6.389,1
Spring,6.478,1
Spring,6.514,1
Spring,6.629,1
Spring,6.726,1
Spring,6.760,1
Spring,6.785,1
Spring,6.851,1
Spring,6.856,1
Spring,6.858,1
Spring,6.882,1
Spring,7.044,1
Spring,7.295,1
Spring,7.527,1
Spring,7.744,1
Spring,7.941,1
Spring,8.125,1
Spring,8.288,1
Spring,8.431,1
Spring,8.547,1
Spring,8.643,1
Spring,8.720,1
Spring,8.770,1
Spring,8.789,1
Spring,10.302,1
Spring,10.315,1
Spring,10.321,1
Spring,10.324,1
Spring,10.331,1
Spring,10.342,1
Spring,10.345,1
Spring,10.348,1
Spring,10.360,1
Spring,10.370,1
Spring,10.375,1
Spring,10.376,1
Spring,10.383,1
Spring,10.389,1
Spring,10.391,1
Spring,10.392,1
Spring,15.726,1
Spring,15.867,1
Spring,16.037,1
Spring,16.212,1
Spring,16.482,1
Spring,16.614,1
Spring,16.637,1
Spring,16.663,1
Spring,16.710,1
Spring,16.717,1
Spring,16.719,1
Spring,16.725,1
Spring,16.757,1
Spring,16.803,1
Spring,16.818,1
Spring,16.838,1
Spring,16.844,1
Spring,16.870,1
Spring,16.877,1
Spring,16.896,1
Spring,16.920,1
Spring,16.957,1
Spring,16.969,1
Spring,17.005,1
Spring,17.049,1
Spring,77.631,1
Spring,77.736,1
Spring,77.747,1
Spring,77.761,1
Spring,77.850,1
Spring,77.922,1
Spring,77.951,1
Spring,77.956,1
Spring,77.974,1
Spring,78.086,1
Spring,78.202,1
Spring,78.247,1
Spring,78.302,1
Spring,78.402,1
Spring,78.471,1
Spring,78.510,1
Spring,78.533,1
Spring,78.620,1
Spring,78.633,1
Spring,78.644,1
Spring,78.725,1
Spring,78.779,1
Spring,78.819,1
Spring,78.904,1
Spring,78.915,1
Spring,78.951,1
Spring,79.023,1
Spring,79.037,1
Spring,79.054,1
Spring,79.103,1
Spring,79.141,1
Spring,79.153,1
Spring,79.171,1
Spring,79.184,1
Spring,79.245,1
Spring,79.254,1
Spring,79.260,1
Spring,79.276,1
Spring,79.298,1
Spring,79.305,1
Spring,79.332,1
Spring,79.390,1
Spring,79.405,1
Spring,79.409,1
Spring,79.419,1
Spring,79.435,1
Spring,79.449,1
Spring,79.464,1
Spring,79.474,1
Spring,79.545,1
iBims-1,1.093,1
iBims-1,1.112,1
iBims-1,1.358,1
iBims-1,1.436,1
iBims-1,1.453,1
iBims-1,1.500,1
iBims-1,1.534,1
iBims-1,1.628,1
iBims-1,1.638,1
iBims-1,1.667,1
iBims-1,1.718,1
iBims-1,1.726,1
iBims-1,1.770,1
iBims-1,1.811,1
iBims-1,1.845,1
iBims-1,1.885,1
iBims-1,1.976,1
iBims-1,1.997,1
iBims-1,2.143,1
iBims-1,2.186,1
iBims-1,2.191,1
iBims-1,2.236,1
iBims-1,2.383,1
iBims-1,2.407,1
iBims-1,2.439,1
iBims-1,2.486,1
iBims-1,2.488,1
iBims-1,2.510,1
iBims-1,2.518,1
iBims-1,2.524,2
iBims-1,2.527,1
iBims-1,2.552,1
iBims-1,2.572,1
iBims-1,2.573,1
iBims-1,2.577,1
iBims-1,2.578,1
iBims-1,2.580,1
iBims-1,2.614,1
iBims-1,2.627,1
iBims-1,2.630,1
iBims-1,2.652,1
iBims-1,2.706,2
iBims-1,2.713,1
iBims-1,2.741,1
iBims-1,2.757,1
iBims-1,2.782,1
iBims-1,2.783,1
iBims-1,2.786,1
iBims-1,2.831,1
iBims-1,2.904,1
iBims-1,2.906,1
iBims-1,2.939,1
iBims-1,2.991,1
iBims-1,2.993,1
iBims-1,3.021,1
iBims-1,3.054,1
iBims-1,3.091,1
iBims-1,3.155,1
iBims-1,3.166,1
iBims-1,3.203,1
iBims-1,3.214,1
iBims-1,3.241,1
iBims-1,3.325,1
iBims-1,3.366,1
iBims-1,3.403,1
iBims-1,3.410,1
iBims-1,3.452,1
iBims-1,3.476,1
iBims-1,3.627,1
iBims-1,3.630,1
iBims-1,3.721,1
iBims-1,3.741,1
iBims-1,3.757,1
iBims-1,3.769,1
iBims-1,3.797,1
iBims-1,3.847,1
iBims-1,3.927,1
iBims-1,4.027,1
iBims-1,4.268,1
iBims-1,4.314,1
iBims-1,4.391,1
iBims-1,4.524,1
iBims-1,4.637,1
iBims-1,4.681,1
iBims-1,4.710,1
iBims-1,4.798,1
iBims-1,4.843,1
iBims-1,4.958,1
iBims-1,5.149,1
iBims-1,5.710,1
iBims-1,5.730,1
iBims-1,6.014,1
iBims-1,6.155,1
iBims-1,6.172,1
iBims-1,6.397,1
iBims-1,6.957,1
iBims-1,8.141,1
iBims-1,9.914,1
